item_id,version,status,blueprint_version,major_category,subcategory,difficulty,tags_anatomy_region,tags_physics_concept,tags_positioning_theme,tags_clinical_concept,tags_imaging_system,stem,option_a,option_b,option_c,option_d,correct_option,explanation,author,last_updated
PC-01,1,review,RAD_2022_Jan,Patient Care,Patient Interactions and Management,2,thorax,,breathing instructions,patient communication,general radiography,A patient speaks limited English and appears confused about breath-hold instructions for an upright chest radiograph. What is the best initial action?,Speak louder and repeat the instruction,Use simple gestures and demonstrate the instruction,Continue the exam to avoid delaying the schedule,Ask another patient in the room to translate,B,Demonstration and simple gestures improve understanding while maintaining privacy and professionalism. Speaking louder doesn’t improve comprehension. Proceeding without understanding increases motion risk. Using another patient as an interpreter risks confidentiality and accuracy.,chatgpt,2026-02-25
PC-02,1,review,RAD_2022_Jan,Patient Care,Patient Interactions and Management,3,thorax,,contact precautions,infection control,portable radiography,A portable chest radiograph is requested for a patient on contact precautions. Which action best reduces cross-contamination?,Place the detector directly on the bed linens,"Use two clean detector covers, removing the outer cover before leaving the room",Wear sterile gloves and reuse them for the next patient,Disinfect the detector only after completing all morning portables,B,"Double-bagging allows the contaminated outer cover to be removed inside the room, protecting the detector and environment. Placing the detector on linens increases contamination risk. Gloves are not reused between patients. Delayed disinfection spreads pathogens.",chatgpt,2026-02-25
PC-03,1,review,RAD_2022_Jan,Patient Care,Patient Interactions and Management,2,lower extremity,,transfer,fall risk,general radiography,A patient becomes dizzy when standing for a lower leg radiograph. What should the technologist do first?,Ask the patient to “push through it” to avoid repeats,Assist the patient to a seated or supine position and assess responsiveness,Continue the exposure quickly before the patient moves,Leave the room to find help after positioning is complete,B,Patient safety comes first—support and reassess to prevent a fall and determine if assistance is needed. Rushing the exposure increases harm risk. Leaving the patient unattended is unsafe. Encouraging them to continue can worsen syncope.,chatgpt,2026-02-25
PC-04,1,review,RAD_2022_Jan,Patient Care,Patient Interactions and Management,4,,,monitoring,contrast reaction basics,fluoroscopy,"During a contrast study, a patient reports itching and develops hives but has no respiratory distress. What is the best immediate action?",Reassure the patient this is expected and continue the exam,Stop contrast administration and notify the radiologist promptly,Give the patient water and observe without reporting,Document after the exam and discharge the patient if stable,B,Urticaria suggests an allergic-like reaction; stopping contrast and notifying the radiologist allows timely evaluation and treatment. Continuing risks progression. Observation without notifying delays care. Documentation is important but not the first priority.,chatgpt,2026-02-25
SP-01,1,review,RAD_2022_Jan,Safety,Radiation Physics and Radiobiology,2,,inverse square law,,occupational dose,portable radiography,A technologist doubles their distance from the x-ray source during a portable exposure. Approximately how does their exposure change?,Doubles,Halves,Decreases to one-fourth,Decreases to one-eighth,C,"Exposure follows the inverse square law; doubling distance reduces intensity to 1/4. Doubling or halving contradicts inverse-square behavior. One-eighth would correspond to increasing distance by about 2.8×, not 2×.",chatgpt,2026-02-25
SP-02,1,review,RAD_2022_Jan,Safety,Radiation Physics and Radiobiology,3,,photon interactions,,image contrast,general radiography,"In diagnostic energy ranges, which interaction most contributes to scatter that degrades image contrast?",Photoelectric absorption,Compton scattering,Pair production,Coherent scattering as the dominant interaction,B,Compton scattering produces scattered photons that reach the detector and reduce contrast. Photoelectric absorption contributes to subject contrast but does not create scatter that exits the patient. Pair production does not occur at diagnostic energies. Coherent scatter occurs but is not the dominant contributor in most diagnostic exams.,chatgpt,2026-02-25
SP-03,1,review,RAD_2022_Jan,Safety,Radiation Physics and Radiobiology,4,,biologic effects,,stochastic vs deterministic,general radiography,Which statement best describes a stochastic effect of radiation?,It has a threshold dose and severity increases with dose,It has no known threshold and probability increases with dose,It occurs only in rapidly dividing tissues and has a threshold,It is immediate and always reversible at diagnostic doses,B,"Stochastic effects are modeled as having no threshold; probability rises with dose. Deterministic effects have thresholds and severity increases with dose. Tissue sensitivity varies, but that doesn’t define stochastic effects. Immediate/reversible is not a defining feature.",chatgpt,2026-02-25
RP-A01,1,review,RAD_2022_Jan,Safety,Radiation Protection,2,,filtration,,patient dose,general radiography,What is the primary patient-dose benefit of added filtration?,Increases the number of low-energy photons absorbed by the patient,Removes low-energy photons that would be absorbed superficially,Increases beam divergence to cover more anatomy,Increases scatter production to improve detector exposure,B,"Filtration removes low-energy photons that contribute to skin dose without improving image formation. Low-energy photons absorbed by the patient increase dose, not decrease it. Divergence is geometric, not filtration-driven. Scatter does not improve image quality.",chatgpt,2026-02-25
RP-A02,1,review,RAD_2022_Jan,Safety,Radiation Protection,3,,collimation,,scatter control,general radiography,Tight collimation primarily improves image quality by reducing:,Heel effect,Scatter radiation reaching the detector,Detector sensitivity,Motion blur,B,"Collimation reduces irradiated tissue volume, decreasing scatter and improving contrast. Heel effect depends on anode geometry and field placement. Detector sensitivity is not changed by collimation. Motion blur relates to time and movement.",chatgpt,2026-02-25
RP-A03,1,review,RAD_2022_Jan,Safety,Radiation Protection,4,,grid use,,dose management,general radiography,"A grid is added for an abdomen radiograph. To maintain detector exposure, which change is most appropriate?",Decrease mAs,Increase mAs,Decrease kVp significantly,Increase SID to reduce magnification,B,"Grids absorb scatter (and some primary), so mAs typically must increase to maintain receptor exposure. Decreasing mAs underexposes. Large kVp reductions can harm penetration and may not correct grid-related exposure loss. SID changes affect geometry, not grid transmission requirements.",chatgpt,2026-02-25
RP-A04,1,review,RAD_2022_Jan,Safety,Radiation Protection,5,pelvis,pregnancy screening,,ALARA,general radiography,A patient of childbearing potential presents for a pelvis radiograph and states they “might be pregnant” but is unsure. What is the best next step?,Proceed because the exam is medically indicated,Ask the patient to sign a waiver and proceed,Follow facility policy to verify pregnancy status and consult the ordering provider/radiologist before exposing,Reduce technique by half and proceed to minimize dose,C,Possible pregnancy requires following policy and consultation to ensure justification and optimization. Waivers don’t replace clinical decision-making. Proceeding without verification risks unnecessary fetal exposure. Arbitrary technique reduction can produce nondiagnostic images and repeats.,chatgpt,2026-02-25
IA-01,1,review,RAD_2022_Jan,Image Production,Image Acquisition and Evaluation,2,,kVp effect,,contrast,digital radiography,Increasing kVp (with appropriate mAs adjustment) generally results in:,Increased contrast (short-scale),Decreased contrast (long-scale),Increased motion blur,Increased magnification,B,"Higher kVp increases penetration and scatter, producing longer-scale (lower) contrast. Motion blur depends on time and movement, not kVp alone. Magnification depends on geometry (OID/SID).",chatgpt,2026-02-25
IA-02,1,review,RAD_2022_Jan,Image Production,Image Acquisition and Evaluation,3,,spatial resolution,,focal spot,general radiography,Which change most directly improves recorded detail on a radiograph?,Increase OID,Use a smaller focal spot,Decrease SID,Increase field size,B,A smaller focal spot reduces geometric unsharpness and improves spatial resolution. Increasing OID worsens magnification and unsharpness. Decreasing SID increases magnification/unsharpness. Increasing field size increases scatter and can reduce detail visibility.,chatgpt,2026-02-25
IA-03,1,review,RAD_2022_Jan,Image Production,Image Acquisition and Evaluation,4,,exposure indicators,,repeat analysis,digital radiography,A digital radiograph appears acceptable but shows an exposure indicator consistently higher than target across multiple patients. What is the most likely issue?,Routine overexposure (dose creep),Excessive grid cutoff,Too low kVp causing quantum mottle,Motion artifact due to long exposure time,A,"Repeated higher-than-target exposure indicators suggest systematically high exposure (dose creep), even if post-processing masks brightness. Grid cutoff typically lowers detector exposure. Low kVp with insufficient mAs increases noise and often looks degraded. Motion artifact is visual and not primarily reflected by elevated exposure indicators.",chatgpt,2026-02-25
EQ-01,1,review,RAD_2022_Jan,Image Production,Equipment Operation and Quality Assurance,2,,artifacts,,detector hygiene,digital radiography,"A radiograph shows multiple small, bright circular spots in the same location on repeated images. What is the most likely cause?",Patient motion,Dust/debris on the detector or protective cover,Low kVp,Grid misalignment,B,"Fixed-location spots across repeats strongly suggest detector/cover contamination or a detector artifact. Motion changes position between exposures. Low kVp affects overall appearance/noise, not fixed spots. Grid misalignment produces density variation patterns, not discrete fixed circles.",chatgpt,2026-02-25
EQ-02,1,review,RAD_2022_Jan,Image Production,Equipment Operation and Quality Assurance,3,,ABC,,dose management,fluoroscopy,"In fluoroscopy, the feature that automatically adjusts exposure to maintain image brightness is most directly associated with:",Automatic brightness control,Collimation only,Filtration only,Heel effect compensation,A,Automatic brightness control adjusts technical factors to maintain consistent image brightness. Collimation and filtration affect dose and scatter but do not automatically regulate brightness by themselves. Heel effect is geometric and not a fluoroscopic control system.,chatgpt,2026-02-25
EQ-03,1,review,RAD_2022_Jan,Image Production,Equipment Operation and Quality Assurance,4,,alignment,,QC testing,general radiography,A quality control test reveals consistent misalignment between the light field and the x-ray field. What is the primary concern?,Increased focal spot size,Unintended patient exposure outside the intended anatomy,Increased detector lag,Increased Compton interaction rate,B,"Light/x-ray field misalignment can irradiate anatomy outside the intended region and compromise collimation accuracy. Focal spot size is unrelated. Detector lag is a receptor performance issue. Interaction rates depend on beam energy and tissue, not field lamp alignment.",chatgpt,2026-02-25
HSP-01,1,review,RAD_2022_Jan,Procedures,"Head, Spine and Pelvis Procedures",3,cervical spine,,trauma,immobilization,general radiography,A trauma patient arrives with a cervical collar in place for suspected C-spine injury. What is the best approach for positioning?,Remove the collar to obtain better neck extension,Maintain immobilization and follow trauma imaging protocols,Ask the patient to rotate the head to open intervertebral spaces,Proceed with routine obliques requiring neck rotation,B,Suspected cervical injury requires maintaining immobilization and using trauma-appropriate projections/protocols. Removing the collar or rotating the head risks worsening injury. Routine obliques are not appropriate if motion/rotation is unsafe.,chatgpt,2026-02-25
HSP-02,1,review,RAD_2022_Jan,Procedures,"Head, Spine and Pelvis Procedures",4,pelvis/hip,,rotation,evaluation criteria,general radiography,"On an AP pelvis radiograph, the right obturator foramen appears larger than the left. What does this most likely indicate?",Right hip is internally rotated,Patient is rotated toward the left,Patient is rotated toward the right,Right hip is externally rotated only,B,"The obturator foramen appears larger on the side farther from the detector; if the right foramen is larger, the patient is rotated toward the left. Hip rotation affects femoral neck appearance, not pelvic rotation symmetry.",chatgpt,2026-02-25
TA-01,1,review,RAD_2022_Jan,Procedures,Thorax and Abdomen Procedures,2,thorax,,inspiration,evaluation criteria,general radiography,"For an upright chest radiograph, the best time to expose to demonstrate maximum lung expansion is at:",End of expiration,End of second deep inspiration,Beginning of inspiration,Any point during normal breathing,B,End of the second deep inspiration typically provides maximal lung inflation and lowers the diaphragm. End expiration is used for some special evaluations but not routine maximum expansion. Beginning or normal breathing increases motion risk.,chatgpt,2026-02-25
TA-02,1,review,RAD_2022_Jan,Procedures,Thorax and Abdomen Procedures,4,abdomen,,air-fluid levels,obstruction,general radiography,An abdominal series is ordered to evaluate possible bowel obstruction. Which positioning choice best demonstrates air-fluid levels?,AP supine abdomen only,PA prone abdomen only,Upright abdomen (or left lateral decubitus if unable to stand),Trendelenburg position to shift gas inferiorly,C,Upright or decubitus positioning allows air-fluid levels to form and be visualized. Supine/prone alone may miss levels. Trendelenburg is not standard for demonstrating obstruction air-fluid levels.,chatgpt,2026-02-25
EX-01,1,review,RAD_2022_Jan,Procedures,Extremity Procedures,2,wrist,,joint space,evaluation criteria,general radiography,"For a PA wrist radiograph, which positioning best demonstrates the wrist joint spaces?",Wrist flexed with fingers curled,Hand pronated with wrist and hand in the same plane,Elbow elevated above shoulder level,Wrist rotated into a lateral position,B,A true PA wrist requires the hand pronated with the wrist/hand in the same plane to open joint spaces. Flexion and curled fingers alter alignment. Elbow elevation introduces distortion. A lateral is a different projection.,chatgpt,2026-02-25
EX-02,1,review,RAD_2022_Jan,Procedures,Extremity Procedures,3,knee,,rotation,evaluation criteria,general radiography,"On an AP knee radiograph, the fibular head is almost completely superimposed by the tibia. This indicates the knee is most likely:",Under-rotated (too lateral),Over-rotated medially,Properly positioned,Flexed too much,B,Excessive superimposition indicates medial (internal) rotation beyond correct AP alignment. Under-rotation shows the fibular head more free. Flexion affects joint space appearance but not this rotation sign.,chatgpt,2026-02-25
EX-03,1,review,RAD_2022_Jan,Procedures,Extremity Procedures,5,hip/femur,,trauma,suspected fracture,general radiography,A patient has severe hip pain after a fall and the leg is shortened and externally rotated. What is the best initial imaging approach?,Force internal rotation for an AP hip to evaluate the femoral neck,Obtain an AP pelvis and a cross-table lateral of the affected hip without manipulating the limb,Obtain frog-leg lateral immediately for best visualization,Skip radiographs and proceed directly to CT without consultation,B,Suspected hip fracture requires minimal manipulation; AP pelvis and cross-table lateral provide diagnostic views while protecting the patient. Forcing internal rotation or frog-leg positioning can displace a fracture. CT may be appropriate after initial assessment per protocol/provider.,chatgpt,2026-02-25
RPR-01,1,review,RAD_2022_Jan,Safety,Radiation Physics and Radiobiology,1,,electromagnetic spectrum,,,general radiography,X-rays used in diagnostic imaging are best described as:,Particles with mass and charge,High-frequency electromagnetic radiation,Sound waves requiring a medium,Visible light with very short wavelength,B,Diagnostic x-rays are electromagnetic radiation with high frequency and short wavelength. They have no mass or charge. Sound waves are mechanical and require a medium. X-rays are not visible light.,chatgpt,2026-02-25
RPR-02,1,review,RAD_2022_Jan,Safety,Radiation Physics and Radiobiology,2,,x-ray tube,,,general radiography,"In an x-ray tube, the primary function of the filament is to:",Convert x-rays into visible light,Produce electrons by thermionic emission,Accelerate photons toward the anode,Absorb scatter from the patient,B,"Heating the filament releases electrons via thermionic emission. Intensifying screens convert x-rays to light, not the filament. Photons are not accelerated in the tube—electrons are. Scatter absorption is a grid function.",chatgpt,2026-02-25
RPR-03,1,review,RAD_2022_Jan,Safety,Radiation Physics and Radiobiology,3,,photon interactions,,,general radiography,Increasing patient thickness most directly increases the amount of scatter produced because it:,Decreases the number of interactions,Increases the volume of tissue irradiated,Eliminates photoelectric absorption,Lowers x-ray beam energy automatically,B,"More tissue volume in the beam increases the number of interactions and thus scatter production. Interactions increase, not decrease. Photoelectric absorption still occurs. Beam energy is set by kVp, not by patient thickness.",chatgpt,2026-02-25
RPR-04,1,review,RAD_2022_Jan,Safety,Radiation Physics and Radiobiology,3,,beam quality,,,general radiography,Which change increases x-ray beam penetrability while generally reducing patient skin dose from low-energy photons?,Decrease filtration,Increase filtration,Decrease kVp,Increase mAs only,B,"Added filtration removes low-energy photons and increases average beam energy (beam quality). Decreasing filtration does the opposite. Lowering kVp reduces penetrability. Increasing mAs increases quantity, not penetrability, and can increase dose.",chatgpt,2026-02-25
RPR-05,1,review,RAD_2022_Jan,Safety,Radiation Physics and Radiobiology,4,,half-value layer;attenuation,,,general radiography,Half-value layer (HVL) is most useful for describing:,Beam intensity at the detector,Beam quality (penetrability),Image contrast in digital systems,Patient dose from scatter,B,"HVL quantifies how much material is needed to reduce beam intensity by half and is used as an indicator of beam quality. It does not directly measure detector exposure, image contrast, or scatter dose.",chatgpt,2026-02-25
RP-01,1,review,RAD_2022_Jan,Safety,Radiation Protection,1,,,,ALARA,general radiography,The ALARA principle is best summarized as keeping radiation exposure:,As high as needed for perfect images,As low as reasonably achievable,Limited only for pediatric patients,Eliminated by using grids,B,ALARA means minimizing dose while obtaining adequate diagnostic information. “Perfect images” can drive unnecessary exposure. ALARA applies to all patients. Grids do not eliminate dose and often require higher mAs.,chatgpt,2026-02-25
RP-02,1,review,RAD_2022_Jan,Safety,Radiation Protection,2,,shielding,,occupational dose,portable radiography,"During a portable exam, which action most effectively reduces technologist exposure?",Stand closer to reduce scatter angle,Increase field size to reduce repeats,Maximize distance and use protective barriers when available,Hold the detector to prevent motion,C,Distance and shielding are highly effective for reducing exposure. Standing closer increases exposure. Increasing field size increases scatter. Holding the detector is unsafe and increases occupational dose.,chatgpt,2026-02-25
RP-03,1,review,RAD_2022_Jan,Safety,Radiation Protection,3,,beam restriction,,scatter control,general radiography,"For a routine abdomen radiograph, tight collimation primarily reduces:",Patient motion,Scatter radiation,Magnification,Focal spot blur,B,"Collimation reduces irradiated tissue volume, lowering scatter and improving contrast. Motion, magnification, and focal spot blur are controlled by time and geometry, not field size.",chatgpt,2026-02-25
RP-04,1,review,RAD_2022_Jan,Safety,Radiation Protection,4,,grid,,dose management,general radiography,A grid is used for a large patient. Which consequence is most expected if exposure factors are not adjusted?,Increased detector exposure (overexposure),Decreased detector exposure (underexposure),Increased magnification,Decreased scatter production,B,"Grids absorb scatter and some primary radiation; without compensating mAs, receptor exposure drops. Magnification is geometric. Scatter production depends on tissue volume and kVp; the grid removes scatter reaching the detector but doesn’t reduce scatter created.",chatgpt,2026-02-25
RP-05,1,review,RAD_2022_Jan,Safety,Radiation Protection,5,,dose optimization,,repeat reduction,digital radiography,A department notices more repeats on pediatric extremities due to clipped anatomy. Which change best reduces dose while maintaining diagnostic quality?,Increase kVp to reduce repeats without changing collimation practice,Standardize collimation training and require anatomy-in-field checks before exposure,Lower mAs for all exams regardless of patient size,Use a grid routinely to improve detail,B,Preventing repeats by improving collimation practice reduces dose most effectively. Raising kVp may increase scatter and doesn’t fix clipping behavior. Blanket mAs reduction risks nondiagnostic images and repeats. Routine grid use increases dose and is usually unnecessary for pediatric extremities.,chatgpt,2026-02-25
IAE-01,1,review,RAD_2022_Jan,Image Production,Image Acquisition and Evaluation,1,,exposure factors,,,general radiography,Which factor primarily controls the quantity of x-rays produced?,kVp,mAs,SID,Grid ratio,B,mAs controls x-ray quantity (number of photons). kVp primarily affects beam energy/penetration and contrast. SID affects intensity at the detector geometrically. Grid ratio affects scatter cleanup and exposure requirements.,chatgpt,2026-02-25
IAE-02,1,review,RAD_2022_Jan,Image Production,Image Acquisition and Evaluation,2,,resolution,geometry,,general radiography,"To reduce magnification on a radiograph, the technologist should primarily:",Increase OID,Decrease SID,Decrease OID,Increase exposure time,C,"Lower OID reduces magnification. Increasing OID increases magnification. Decreasing SID increases magnification. Exposure time affects motion, not magnification.",chatgpt,2026-02-25
IAE-03,1,review,RAD_2022_Jan,Image Production,Image Acquisition and Evaluation,3,,contrast,,scatter,digital radiography,A lateral lumbar image shows low contrast due to excessive scatter. Which change most directly improves contrast?,Increase field size,Add a grid or increase beam restriction appropriately,Decrease SID,Increase exposure time,B,Scatter reduction (beam restriction and/or grid use) improves contrast. Increasing field size increases scatter. SID and time don’t address scatter-driven contrast loss.,chatgpt,2026-02-25
IAE-04,1,review,RAD_2022_Jan,Image Production,Image Acquisition and Evaluation,3,,motion,,repeat reduction,general radiography,A chest radiograph shows motion blur. Which change most directly reduces motion blur while maintaining exposure?,Increase exposure time and decrease mA,Decrease exposure time and increase mA proportionally,Decrease kVp and keep mAs constant,Increase SID without changing factors,B,Shorter exposure time reduces motion; increasing mA maintains mAs and receptor exposure. Longer time worsens motion. kVp changes affect contrast/penetration and may alter exposure. SID changes can reduce intensity at the detector without addressing motion cause.,chatgpt,2026-02-25
IAE-05,1,review,RAD_2022_Jan,Image Production,Image Acquisition and Evaluation,4,,histogram analysis,,exposure error,digital radiography,"A digital image appears overly bright after processing, but the exposure indicator suggests underexposure. Which is the most likely cause?",Over-collimation or improper field recognition affecting histogram analysis,Excessive mAs causing saturation,Grid cutoff increasing brightness,Increased kVp reducing scatter,A,Incorrect field recognition/histogram analysis can produce misleading brightness despite low exposure indicator. Excessive mAs typically increases exposure indicator. Grid cutoff decreases exposure and tends to produce noisy images. Higher kVp usually increases scatter unless controlled.,chatgpt,2026-02-25
EQA-01,1,review,RAD_2022_Jan,Image Production,Equipment Operation and Quality Assurance,1,,artifacts,,QC,digital radiography,A detector artifact is most strongly suggested when an abnormal pattern appears:,Only on one patient,In different locations each exposure,In the same location on repeated images,Only when the patient moves,C,"Fixed-location patterns across repeats suggest a detector/processing artifact. Patient-only, variable-location, or motion-dependent patterns point away from detector hardware issues.",chatgpt,2026-02-25
EQA-02,1,review,RAD_2022_Jan,Image Production,Equipment Operation and Quality Assurance,2,,alignment,,QC testing,general radiography,The primary purpose of a light field–radiation field congruence test is to verify:,Focal spot size,Collimator accuracy,Grid ratio,kVp waveform,B,"Congruence testing confirms the collimator light field matches the actual x-ray field. Focal spot size and kVp waveform are separate QC areas. Grid ratio is a physical grid property, not a collimator alignment test.",chatgpt,2026-02-25
EQA-03,1,review,RAD_2022_Jan,Image Production,Equipment Operation and Quality Assurance,3,,ABC,,dose management,fluoroscopy,"During fluoroscopy, image brightness remains stable as patient thickness increases. Which system is primarily responsible?",Automatic brightness control,Collimation shutters only,Added filtration only,AEC chambers under the table,A,"Automatic brightness control adjusts technical factors to maintain brightness. Collimation and filtration influence dose/quality but do not automatically maintain brightness. AEC is typically associated with radiographic exposures, not fluoroscopic brightness regulation.",chatgpt,2026-02-25
EQA-04,1,review,RAD_2022_Jan,Image Production,Equipment Operation and Quality Assurance,4,,DQE,,QC,digital radiography,Detective quantum efficiency (DQE) is best described as a detector’s ability to:,Increase patient dose to reduce noise,Convert x-ray signal into an image with minimal noise for a given exposure,Eliminate the need for collimation,Prevent motion blur during exposure,B,"DQE reflects how efficiently a detector produces image quality for a given exposure. It does not justify increasing dose, replace collimation, or address motion blur.",chatgpt,2026-02-25
EQA-05,1,review,RAD_2022_Jan,Image Production,Equipment Operation and Quality Assurance,4,,calibration,,repeat analysis,general radiography,A department’s repeat analysis shows frequent repeats due to “underexposure” even though techniques are unchanged. Which equipment issue is most plausible?,Decreased detector sensitivity or calibration drift,Increased SID in the room without documentation,Increased patient thickness across all exams,Excessive collimation improving contrast,A,Calibration drift or sensitivity changes can cause systematic exposure problems without technique changes. SID changes would be noticed operationally and are not typically uniform across all work. Patient thickness wouldn’t shift globally across all exams. Collimation doesn’t cause underexposure by itself.,chatgpt,2026-02-25
TAP-01,1,review,RAD_2022_Jan,Procedures,Thorax and Abdomen Procedures,1,thorax,,respiration,,general radiography,A routine PA chest radiograph is typically exposed on:,End expiration,End of second full inspiration,Mid-inspiration,Any breathing phase if the patient is upright,B,"Second full inspiration maximizes lung inflation and improves visualization. Expiration is used for specific indications, not routine PA chest. Mid-inspiration and “any phase” increase motion and reduce consistency.",chatgpt,2026-02-25
TAP-02,1,review,RAD_2022_Jan,Procedures,Thorax and Abdomen Procedures,2,ribs,,respiration,fracture,general radiography,"To best demonstrate ribs above the diaphragm, exposures are typically made on:",Full inspiration,Full expiration,Shallow breathing,Valsalva maneuver,A,"Inspiration elevates the rib cage and lowers the diaphragm, improving visualization of upper ribs. Expiration is often used for ribs below the diaphragm. Shallow breathing risks motion. Valsalva is not standard for rib imaging.",chatgpt,2026-02-25
TAP-03,1,review,RAD_2022_Jan,Procedures,Thorax and Abdomen Procedures,3,abdomen,,obstruction,air-fluid levels,general radiography,A patient cannot stand for an acute abdomen evaluation. Which position best substitutes for an upright abdomen to demonstrate air-fluid levels?,AP supine only,Left lateral decubitus with a horizontal beam,Prone abdomen,Trendelenburg,B,A decubitus with a horizontal beam demonstrates air-fluid levels when upright is not possible. Supine/prone alone may miss levels. Trendelenburg is not a standard substitute and can be poorly tolerated.,chatgpt,2026-02-25
TAP-04,1,review,RAD_2022_Jan,Procedures,Thorax and Abdomen Procedures,4,chest,,rotation,evaluation criteria,general radiography,"On a PA chest radiograph, the right sternoclavicular joint appears farther from the spine than the left. This most likely indicates the patient was rotated:",Toward the right,Toward the left,Not rotated; this is normal,"With shoulders elevated, not rotated",A,"If the right SC joint is farther from the spine, the right side is farther from the detector, indicating rotation toward the right. Shoulder elevation affects clavicle position, not SC symmetry relative to the spine.",chatgpt,2026-02-25
TAP-05,1,review,RAD_2022_Jan,Procedures,Thorax and Abdomen Procedures,4,abdomen,,CR placement,evaluation criteria,general radiography,"For an AP supine abdomen intended to include the symphysis pubis, the CR is centered:",At the xiphoid process,2 inches above the iliac crest,At the iliac crest,At the symphysis pubis,B,Centering about 2 inches above the iliac crest helps include the lower abdomen and symphysis pubis. Centering at the crest often excludes the pubis. Xiphoid is too high. Symphysis is too low for routine abdomen coverage.,chatgpt,2026-02-25
EXP-01,1,review,RAD_2022_Jan,Procedures,Extremity Procedures,1,hand,,projection selection,,general radiography,The routine projection for demonstrating phalanges and metacarpals of the hand is most commonly:,PA hand,AP hand,Lateral hand only,Tangential hand,A,"PA hand is the standard routine projection for hand anatomy. AP is less common as the routine baseline. Lateral is complementary, not sufficient alone. Tangential is for specific structures.",chatgpt,2026-02-25
EXP-02,1,review,RAD_2022_Jan,Procedures,Extremity Procedures,2,ankle,,mortise,evaluation criteria,general radiography,"To best open the ankle mortise joint space, the technologist should position the ankle in:",True lateral,Medial rotation of the entire leg 15–20 degrees,Prone with plantar flexion,External rotation of the foot 45 degrees,B,Ankle mortise is best demonstrated with 15–20° medial rotation to align the malleoli parallel to the detector. Lateral is a different projection. Plantar flexion doesn’t open the mortise. Large external rotation misaligns the joint.,chatgpt,2026-02-25
EXP-03,1,review,RAD_2022_Jan,Procedures,Extremity Procedures,3,elbow,,trauma,joint effusion,general radiography,A lateral elbow radiograph shows an elevated posterior fat pad. This finding most strongly suggests:,Correct rotation with no pathology,Joint effusion possibly associated with occult fracture,Overexposure to the detector,Motion artifact,B,"A visible/elevated posterior fat pad is abnormal and commonly indicates effusion, often due to fracture. It’s not a normal positioning marker. Exposure errors don’t create fat pad signs. Motion produces blur.",chatgpt,2026-02-25
EXP-04,1,review,RAD_2022_Jan,Procedures,Extremity Procedures,4,knee,,lateral knee,evaluation criteria,general radiography,"On a lateral knee radiograph, the femoral condyles are not superimposed, and the medial condyle appears posterior. What correction is most appropriate?",Rotate the knee slightly toward the affected side (increase internal rotation),Rotate the knee slightly away from the affected side (increase external rotation),Increase knee flexion,Decrease SID,A,"If the medial condyle is posterior, the knee is rotated too externally; correcting requires slight internal rotation to superimpose condyles. Flexion affects patellofemoral relationship but not condylar superimposition. SID changes don’t correct rotation.",chatgpt,2026-02-25
EXP-05,1,review,RAD_2022_Jan,Procedures,Extremity Procedures,5,hip,,trauma,fracture precautions,general radiography,A trauma patient cannot internally rotate the leg for an AP hip. What is the best alternative to evaluate the proximal femur without forcing movement?,Frog-leg lateral,Cross-table lateral,Weight-bearing AP pelvis,Oblique hip with patient rotation,B,Cross-table lateral evaluates the hip/proximal femur without manipulating the injured limb. Frog-leg requires significant movement. Weight-bearing is inappropriate in trauma. Patient-rotation obliques may still be unsafe and don’t replace a true trauma lateral.,chatgpt,2026-02-25
PC-05,1,review,RAD_2022_Jan,Patient Care,Patient Interactions and Management,2,,,patient instructions,consent,general radiography,"Before beginning a non-emergent radiographic exam, the technologist should first:",Explain the exam and verify patient identity using two identifiers,Position the patient to save time and explain afterward,Ask the patient to sign a form without discussion,Rely on the requisition name only if the patient is cooperative,A,Proper identification and clear explanation support safety and informed participation. Positioning first can lead to errors and anxiety. A signature alone is not informed consent. A requisition name alone is insufficient identification.,chatgpt,2026-02-25
PC-06,1,review,RAD_2022_Jan,Patient Care,Patient Interactions and Management,3,shoulder,,adaptation,pain management,general radiography,A patient with severe shoulder pain cannot abduct for a routine axillary view. What is the best approach?,Force abduction briefly and expose quickly,Ask the ordering provider to cancel the lateral projection,Use an alternative trauma lateral projection that minimizes movement,Skip the lateral entirely and repeat the AP with higher mAs,C,"When movement is limited, use an alternative lateral that meets the clinical goal while minimizing pain and risk. Forcing motion is unsafe. Canceling without consultation may compromise diagnosis. Repeating the AP doesn’t replace orthogonal information.",chatgpt,2026-02-25
PC-07,1,review,RAD_2022_Jan,Patient Care,Patient Interactions and Management,4,chest,,cooperation,pediatric communication,general radiography,A young child is crying and resisting positioning for a chest radiograph. What is the best initial strategy?,Restrain the child immediately to prevent repeats,Use age-appropriate explanation and enlist a parent/guardian to comfort and assist per policy,Delay the exam until the end of the day,Proceed without immobilization and take multiple quick exposures,B,"Calm, age-appropriate coaching and appropriate guardian assistance improves cooperation and reduces repeats. Immediate restraint may escalate distress and should follow policy and necessity, not be first-line. Delaying may not be clinically appropriate. Multiple exposures increases dose.",chatgpt,2026-02-25
HSP-03,1,review,RAD_2022_Jan,Procedures,"Head, Spine and Pelvis Procedures",2,skull,,Towne,evaluation criteria,general radiography,The AP axial (Towne) skull projection is primarily used to demonstrate the:,Sella turcica in profile,Occipital bone and foramen magnum region,Parietal bones without distortion,Nasal bones with minimal superimposition,B,The Towne projection emphasizes the occipital bone and foramen magnum region. Lateral sella is a lateral skull. Parietals are better assessed on other skull projections. Nasal bones require dedicated nasal projections.,chatgpt,2026-02-25
HSP-04,1,review,RAD_2022_Jan,Procedures,"Head, Spine and Pelvis Procedures",3,lumbar spine,,oblique,zygapophyseal joints,general radiography,Lumbar spine obliques are primarily performed to demonstrate the:,Spinous processes,Intervertebral foramina,Zygapophyseal joints,Sacroiliac joints,C,"Lumbar obliques best show zygapophyseal joints. Cervical obliques emphasize foramina, but lumbar foramina are best on lateral. Spinous processes are seen on AP. SI joints are evaluated with dedicated SI views.",chatgpt,2026-02-25
HSP-05,1,review,RAD_2022_Jan,Procedures,"Head, Spine and Pelvis Procedures",4,pelvis/hip,,rotation,femoral neck,general radiography,"For an AP hip, internal rotation of the affected leg is primarily used to:",Reduce patient dose,Place the femoral neck parallel to the detector,Open the SI joints,Demonstrate the acetabulum in profile,B,"Internal rotation corrects natural femoral anteversion, placing the femoral neck more parallel to the detector and reducing foreshortening. Rotation doesn’t directly reduce dose. SI joints and acetabulum profile require different positioning.",chatgpt,2026-02-25
PC-08,1,draft,RAD_2022_Jan,Patient Care,Patient Interactions and Management,2,,,,contrast reaction,general radiography,A patient develops mild urticaria immediately after IV iodinated contrast administration. What is the most appropriate initial response by the radiographer?,Continue exam and document only,Notify radiologist and monitor patient,Administer epinephrine immediately,Initiate CPR,B,"Mild contrast reactions (e.g., urticaria, pruritus) require monitoring and physician notification. Epinephrine is reserved for severe reactions.",chatgpt,2026-02-26
PC-09,1,draft,RAD_2022_Jan,Patient Care,Patient Interactions and Management,2,,,,infection control,general radiography,"In the chain of infection, which component represents the method by which a pathogen is transferred from one host to another?",Reservoir,Portal of entry,Mode of transmission,Susceptible host,C,"Mode of transmission refers to the mechanism of spread (direct contact, droplet, airborne, etc.).",chatgpt,2026-02-26
PC-10,1,draft,RAD_2022_Jan,Patient Care,Patient Interactions and Management,3,,,,consent,general radiography,A trauma patient is unconscious and requires an emergent CT scan with contrast. No family is present. What type of consent applies?,Written informed consent,Implied consent,Expressed consent,Minor consent,B,Implied consent applies in life-threatening emergencies when immediate treatment is required.,chatgpt,2026-02-26
PC-11,1,draft,RAD_2022_Jan,Patient Care,Patient Interactions and Management,2,,,,ergonomics,general radiography,"When transferring a patient from stretcher to table using a transfer board, which principle reduces risk of injury?",Bend at the waist,Keep feet together,Maintain wide base of support,Pull using extended arms only,C,A wide base of support improves stability and reduces musculoskeletal strain.,chatgpt,2026-02-26
PC-12,1,draft,RAD_2022_Jan,Patient Care,Patient Interactions and Management,3,,,,medical emergency,general radiography,A patient becomes diaphoretic and confused prior to an exam. They state they are diabetic. What should the radiographer suspect first?,Hyperglycemia,Hypoglycemia,Stroke,Contrast reaction,B,Diaphoresis and confusion are classic signs of hypoglycemia.,chatgpt,2026-02-26
PC-13,1,draft,RAD_2022_Jan,Patient Care,Patient Interactions and Management,3,,,,renal function,general radiography,A patient’s eGFR is significantly reduced. What is the primary concern before administering iodinated contrast?,Allergic reaction,Nephrotoxicity,Hyperglycemia,Extravasation,B,Reduced eGFR indicates increased risk of contrast-induced nephropathy.,chatgpt,2026-02-26
RPR-06,1,draft,RAD_2022_Jan,Safety,Radiation Physics and Radiobiology,2,,bremsstrahlung,,,general radiography,Bremsstrahlung radiation is produced when an electron:,Strikes outer shell electron,Interacts with filament,Is decelerated near nucleus,Leaves the tube housing,C,Bremsstrahlung results from electron deceleration in the nuclear field.,chatgpt,2026-02-26
RPR-07,1,draft,RAD_2022_Jan,Safety,Radiation Physics and Radiobiology,3,,inverse square law,,,general radiography,"If distance from the source is doubled, radiation intensity becomes:",1/2,1/3,1/4,1/8,C,Intensity is inversely proportional to distance squared.,chatgpt,2026-02-26
RP-06,1,draft,RAD_2022_Jan,Safety,Radiation Protection,2,,,,radiation protection,general radiography,The principle of ALARA applies primarily to:,Patient shielding,Personnel exposure,Equipment QA,Image brightness,B,ALARA specifically addresses minimizing occupational exposure.,chatgpt,2026-02-26
RP-07,1,draft,RAD_2022_Jan,Safety,Radiation Protection,3,,,,fluoroscopy,general radiography,Increasing source-to-skin distance during fluoroscopy will:,Increase skin dose,Decrease skin dose,Increase magnification,Increase scatter,B,Greater source-to-skin distance reduces skin entrance dose.,chatgpt,2026-02-26
RPR-08,1,draft,RAD_2022_Jan,Safety,Radiation Physics and Radiobiology,3,,Compton,,,general radiography,Compton interactions primarily affect:,Image contrast,Spatial resolution,Detector efficiency,Beam filtration,A,Compton scatter increases fog and reduces image contrast.,chatgpt,2026-02-26
RP-08,1,draft,RAD_2022_Jan,Safety,Radiation Protection,2,,,,PPE,general radiography,The minimum lead equivalent for protective aprons is typically:,0.1 mm Pb,0.25 mm Pb,0.5 mm Pb,1.0 mm Pb,C,Standard protective aprons are 0.5 mm lead equivalent.,chatgpt,2026-02-26
RPR-09,1,draft,RAD_2022_Jan,Safety,Radiation Physics and Radiobiology,3,,radiobiology,,,general radiography,Deterministic effects are characterized by:,No threshold,Probability only,Threshold dose,Genetic mutation only,C,Deterministic effects have a threshold and severity increases with dose.,chatgpt,2026-02-26
RP-09,1,draft,RAD_2022_Jan,Safety,Radiation Protection,2,,,,personnel monitoring,general radiography,A dosimeter should be worn:,Under apron at waist,At collar outside apron,On wrist only,On shoe,B,Collar placement monitors exposure to head and thyroid.,chatgpt,2026-02-26
IA-04,1,draft,RAD_2022_Jan,Image Production,Image Acquisition and Evaluation,2,,mAs,,,general radiography,Increasing mAs primarily affects:,Contrast,Density (receptor exposure),Spatial resolution,Beam quality,B,mAs controls quantity of photons reaching receptor.,chatgpt,2026-02-26
IA-05,1,draft,RAD_2022_Jan,Image Production,Image Acquisition and Evaluation,3,,kVp,,,general radiography,Increasing kVp while maintaining mAs will:,Increase contrast,Decrease contrast,Decrease penetration,Increase noise,B,Higher kVp increases beam penetration and reduces contrast.,chatgpt,2026-02-26
IA-06,1,draft,RAD_2022_Jan,Image Production,Image Acquisition and Evaluation,3,,SID,,,general radiography,Increasing SID while maintaining exposure factors will:,Increase magnification,Decrease magnification,Increase OID,Increase distortion,B,Greater SID reduces magnification.,chatgpt,2026-02-26
IA-07,1,draft,RAD_2022_Jan,Image Production,Image Acquisition and Evaluation,3,,grid,,,general radiography,Using a grid primarily improves:,Spatial resolution,Contrast,Brightness,Bit depth,B,Grids absorb scatter and improve contrast.,chatgpt,2026-02-26
IA-08,1,draft,RAD_2022_Jan,Image Production,Image Acquisition and Evaluation,3,,quantum noise,,,general radiography,Increasing exposure to the detector reduces:,Spatial resolution,Distortion,Quantum noise,MTF,C,Higher exposure improves signal-to-noise ratio.,chatgpt,2026-02-26
EQ-04,1,draft,RAD_2022_Jan,Image Production,Equipment Operation and Quality Assurance,3,,AEC,,,general radiography,Incorrect centering over AEC chamber results in:,Overexposure,Underexposure,No effect,Increased SID,A,"If anatomy does not cover the active cell properly, exposure errors occur.",chatgpt,2026-02-26
IA-09,1,draft,RAD_2022_Jan,Image Production,Image Acquisition and Evaluation,2,,heel effect,,,general radiography,The anode heel effect results in greater intensity on the:,Anode side,Cathode side,Central beam,Heel side only,B,Beam intensity is greater on cathode side.,chatgpt,2026-02-26
IA-10,1,draft,RAD_2022_Jan,Image Production,Image Acquisition and Evaluation,3,,,,digital imaging,general radiography,Electronic cropping after exposure primarily affects:,Radiation dose,Image metadata,Brightness only,Patient exposure,B,Cropping hides anatomy but does not reduce dose; metadata/processing integrity is affected.,chatgpt,2026-02-26
HSP-06,1,draft,RAD_2022_Jan,Procedures,"Head, Spine and Pelvis Procedures",3,cervical spine,,trauma,,general radiography,"For a trauma lateral C-spine, the central ray is directed:",15° cephalad,Horizontal beam,15° caudad,Perpendicular,B,Trauma lateral requires horizontal beam to maintain immobilization.,chatgpt,2026-02-26
HSP-07,1,draft,RAD_2022_Jan,Procedures,"Head, Spine and Pelvis Procedures",3,cervical spine,,,,general radiography,The AP axial cervical spine requires what CR angle?,10° cephalad,15–20° cephalad,15–20° caudad,30° cephalad,B,Standard AP axial C-spine uses 15–20° cephalad.,chatgpt,2026-02-26
TA-03,1,draft,RAD_2022_Jan,Procedures,Thorax and Abdomen Procedures,2,chest,,,,general radiography,Full inspiration chest radiograph demonstrates how many posterior ribs?,6,8,10,12,C,10 posterior ribs indicate adequate inspiration.,chatgpt,2026-02-26
TA-04,1,draft,RAD_2022_Jan,Procedures,Thorax and Abdomen Procedures,3,abdomen,,,,general radiography,An upright abdomen is performed primarily to evaluate:,Masses,Calcifications,Air-fluid levels,Kidney size,C,Upright abdomen demonstrates free air and air-fluid levels.,chatgpt,2026-02-26
EXT-01,1,draft,RAD_2022_Jan,Procedures,Extremity Procedures,3,shoulder,,,,general radiography,The Grashey method best demonstrates:,Greater tubercle,AC joint,Glenohumeral joint,Coracoid process,C,Grashey shows true AP glenoid joint space.,chatgpt,2026-02-26
EXT-02,1,draft,RAD_2022_Jan,Procedures,Extremity Procedures,3,knee,,,,general radiography,The Holmblad method demonstrates:,Patella,Tibial plateau,Intercondylar fossa,Fibular head,C,Holmblad visualizes intercondylar fossa.,chatgpt,2026-02-26
HSP-08,1,draft,RAD_2022_Jan,Procedures,"Head, Spine and Pelvis Procedures",3,lumbar spine,,,,general radiography,Posterior oblique lumbar spine demonstrates:,Zygapophyseal joints,Spinous processes,Disc spaces only,Sacroiliac joints,A,Posterior obliques show zygapophyseal joints.,chatgpt,2026-02-26
HSP-09,1,draft,RAD_2022_Jan,Procedures,"Head, Spine and Pelvis Procedures",3,pelvis,,,,general radiography,The Judet method evaluates:,Femoral neck,Acetabulum,Sacrum,SI joints,B,Judet views evaluate acetabular columns.,chatgpt,2026-02-26
EXT-03,1,draft,RAD_2022_Jan,Procedures,Extremity Procedures,2,foot,,,,general radiography,The AP axial foot requires approximately:,5° cephalad,10° cephalad,10° caudad,15° caudad,B,Standard AP axial foot is 10° cephalad.,chatgpt,2026-02-26
TA-05,1,draft,RAD_2022_Jan,Procedures,Thorax and Abdomen Procedures,3,ribs,,,,general radiography,"To demonstrate left posterior ribs, position patient in:",RAO,LAO,RPO,LPO,C,Posterior ribs are demonstrated on side closest to IR (RPO for left posterior).,chatgpt,2026-02-26
PC-14,1,draft,RAD_2022_Jan,Patient Care,Patient Interactions and Management,2,,,,communication,general radiography,"When communicating with a patient who has limited English proficiency, the most appropriate action is to:",Ask a family member to interpret,Speak louder and slower,Use a qualified medical interpreter,Skip detailed explanations,C,A qualified interpreter ensures accuracy and protects patient rights and safety.,chatgpt,2026-02-28
PC-15,1,draft,RAD_2022_Jan,Patient Care,Patient Interactions and Management,2,,,,infection control,general radiography,Standard precautions require hand hygiene:,Only after patient contact,Before and after patient contact,Only when gloves are visibly soiled,Only after exposure to blood,B,Hand hygiene is required before and after all patient contact.,chatgpt,2026-02-28
PC-16,1,draft,RAD_2022_Jan,Patient Care,Patient Interactions and Management,3,,,,HIPAA,general radiography,Discussing a patient’s exam results in an elevator with coworkers violates:,Informed consent,HIPAA,Respondeat superior,Implied consent,B,HIPAA protects patient confidentiality in all settings.,chatgpt,2026-02-28
PC-17,1,draft,RAD_2022_Jan,Patient Care,Patient Interactions and Management,3,,,,extravasation,general radiography,"During contrast injection, swelling and pain occur at the IV site. The radiographer should first:",Apply warm compress immediately,Stop injection,Elevate limb only,Increase injection rate,B,Stop the injection immediately to limit tissue damage; then follow facility protocol.,chatgpt,2026-02-28
PC-18,1,draft,RAD_2022_Jan,Patient Care,Patient Interactions and Management,2,,,,CPR,general radiography,"If a patient becomes pulseless in the imaging room, the radiographer’s first action is to:",Call a code and begin CPR,Finish the exposure,Lower the table,Document the event,A,Activate emergency response and begin CPR immediately.,chatgpt,2026-02-28
PC-19,1,draft,RAD_2022_Jan,Patient Care,Patient Interactions and Management,2,,,,ergonomics,general radiography,"When moving a patient, twisting while lifting increases risk of:",Radiation exposure,Back injury,Motion artifact,Hypotension,B,Twisting under load increases musculoskeletal injury risk.,chatgpt,2026-02-28
RPR-10,1,draft,RAD_2022_Jan,Safety,Radiation Physics and Radiobiology,2,,characteristic radiation,,,general radiography,Characteristic radiation occurs when an electron:,Interacts with filament,Ejects inner shell electron,Leaves collimator,Strikes housing,B,Inner-shell ionization followed by outer-shell transition produces characteristic x-rays.,chatgpt,2026-02-28
RPR-11,1,draft,RAD_2022_Jan,Safety,Radiation Physics and Radiobiology,3,,HVL,,,general radiography,The half-value layer represents the:,Beam intensity,Beam filtration thickness reducing intensity by half,Patient dose,Scatter fraction,B,"HVL is the thickness of material that reduces beam intensity by 50%, reflecting beam quality.",chatgpt,2026-02-28
RP-10,1,draft,RAD_2022_Jan,Safety,Radiation Protection,2,,,,time,general radiography,Doubling fluoroscopy time while keeping all other factors constant will:,Double dose,Quadruple dose,Halve dose,Not affect dose,A,Dose is directly proportional to time.,chatgpt,2026-02-28
RP-11,1,draft,RAD_2022_Jan,Safety,Radiation Protection,3,,inverse square law,,distance,general radiography,Increasing distance from 1 m to 3 m reduces exposure to approximately:,1/2,1/3,1/9,1/6,C,Inverse square law: (1/3)^2 = 1/9.,chatgpt,2026-02-28
RPR-12,1,draft,RAD_2022_Jan,Safety,Radiation Physics and Radiobiology,3,,stochastic effects,,,general radiography,Stochastic effects are characterized by:,Threshold dose,Severity increases with dose,Probability increases with dose,Immediate onset,C,Stochastic effects have no threshold; probability increases with dose.,chatgpt,2026-02-28
RP-12,1,draft,RAD_2022_Jan,Safety,Radiation Protection,3,,,,fluoroscopy ABC,general radiography,Automatic brightness control compensates for increased patient thickness by:,Reducing kVp,Increasing exposure rate,Decreasing mAs only,Reducing SID,B,ABC increases x-ray output to maintain image brightness.,chatgpt,2026-02-28
RP-13,1,draft,RAD_2022_Jan,Safety,Radiation Protection,3,,,,fetal badge,general radiography,A declared pregnant technologist should wear fetal dosimeter:,At collar,Under apron at waist,On wrist,On shoe,B,Fetal badge is worn under the apron at waist level to estimate fetal exposure.,chatgpt,2026-02-28
RPR-13,1,draft,RAD_2022_Jan,Safety,Radiation Physics and Radiobiology,2,,scatter,,,general radiography,Scatter radiation increases with:,Lower kVp,Smaller field size,Higher kVp,Increased SID,C,Higher kVp increases Compton interactions and scatter production.,chatgpt,2026-02-28
IA-11,1,draft,RAD_2022_Jan,Image Production,Image Acquisition and Evaluation,2,,OID,,geometry,general radiography,Increasing object-to-image distance causes:,Decreased magnification,Increased magnification,Increased contrast,Decreased distortion,B,Greater OID increases magnification and distortion.,chatgpt,2026-02-28
IA-12,1,draft,RAD_2022_Jan,Image Production,Image Acquisition and Evaluation,3,,focal spot,,,general radiography,A smaller focal spot improves:,Contrast,Spatial resolution,Beam quality,Patient dose,B,Smaller focal spot reduces geometric unsharpness.,chatgpt,2026-02-28
IA-13,1,draft,RAD_2022_Jan,Image Production,Image Acquisition and Evaluation,2,,collimation,,,general radiography,Collimation primarily reduces:,Patient motion,Scatter radiation,kVp,SID,B,"Collimation reduces scatter reaching the detector, improving contrast.",chatgpt,2026-02-28
IA-14,1,draft,RAD_2022_Jan,Image Production,Image Acquisition and Evaluation,3,,bit depth,,,general radiography,Increasing bit depth primarily increases:,Spatial resolution,Contrast resolution,Magnification,Noise,B,Greater bit depth provides more grayscale levels (better contrast resolution).,chatgpt,2026-02-28
IA-15,1,draft,RAD_2022_Jan,Image Production,Image Acquisition and Evaluation,3,,15% rule,,,general radiography,Increasing kVp by 15% while halving mAs results in:,Increased contrast,Similar receptor exposure,Increased dose,Underexposure,B,The 15% rule maintains receptor exposure when mAs is halved.,chatgpt,2026-02-28
IA-16,1,draft,RAD_2022_Jan,Image Production,Image Acquisition and Evaluation,2,,motion,,,general radiography,Voluntary motion artifact primarily reduces:,Contrast,Spatial resolution,Beam intensity,Filtration,B,"Motion blurs detail, reducing recorded sharpness.",chatgpt,2026-02-28
IA-17,1,draft,RAD_2022_Jan,Image Production,Image Acquisition and Evaluation,3,,heel effect,,,general radiography,"For femur imaging, thicker portion should be placed under:",Anode side,Cathode side,Center of beam,Grid line focus,B,Cathode side has greater x-ray intensity due to heel effect.,chatgpt,2026-02-28
EQ-05,1,draft,RAD_2022_Jan,Image Production,Equipment Operation and Quality Assurance,3,,grid cutoff,,,general radiography,Off-level grid alignment causes:,Increased contrast,Uniform exposure,Grid cutoff,Increased magnification,C,Off-level grids absorb primary beam causing cutoff.,chatgpt,2026-02-28
HSP-10,1,draft,RAD_2022_Jan,Procedures,"Head, Spine and Pelvis Procedures",3,thoracic spine,,,,general radiography,"For AP thoracic spine, CR is directed:",10° cephalad,Perpendicular,15° caudad,20° cephalad,B,Standard AP thoracic spine uses a perpendicular CR.,chatgpt,2026-02-28
HSP-11,1,draft,RAD_2022_Jan,Procedures,"Head, Spine and Pelvis Procedures",3,lumbar spine,,,,general radiography,AP axial L5-S1 requires:,15° cephalad,30° cephalad,15–20° caudad,Perpendicular,C,L5-S1 requires caudad angle to open the disc space.,chatgpt,2026-02-28
TA-06,1,draft,RAD_2022_Jan,Procedures,Thorax and Abdomen Procedures,3,chest,,,,general radiography,An AP lordotic chest best demonstrates:,Costophrenic angles,Lung apices,Sternum,Heart size,B,Lordotic projects clavicles above lung apices.,chatgpt,2026-02-28
TA-07,1,draft,RAD_2022_Jan,Procedures,Thorax and Abdomen Procedures,3,abdomen,,,,general radiography,A left lateral decubitus abdomen demonstrates:,Right free air,Left free air,Kidney stones,Pelvic fractures,A,Left lateral decubitus positions right side up so free air rises and is seen adjacent to liver.,chatgpt,2026-02-28
EXT-04,1,draft,RAD_2022_Jan,Procedures,Extremity Procedures,3,elbow,,,,general radiography,A true lateral elbow demonstrates:,Radial head free of ulna,Superimposed epicondyles,Open olecranon fossa,Open radiocarpal joint,B,A true lateral elbow shows superimposed humeral epicondyles.,chatgpt,2026-02-28
EXT-05,1,draft,RAD_2022_Jan,Procedures,Extremity Procedures,3,wrist,,,,general radiography,PA wrist with ulnar deviation best demonstrates:,Scaphoid,Pisiform,Hamate,Capitate,A,Ulnar deviation elongates the scaphoid.,chatgpt,2026-02-28
EXT-06,1,draft,RAD_2022_Jan,Procedures,Extremity Procedures,3,hip,,,,general radiography,Cross-table lateral hip CR is directed:,15° cephalad,Perpendicular to femoral neck,45° cephalad,20° caudad,B,CR is perpendicular to the femoral neck for lateral hip.,chatgpt,2026-02-28
HSP-12,1,draft,RAD_2022_Jan,Procedures,"Head, Spine and Pelvis Procedures",3,SI joints,,,,general radiography,Posterior oblique SI joints demonstrate:,Side up,Side down,Both equally,Sacrum only,B,Posterior obliques demonstrate the SI joint closest to the IR (side down).,chatgpt,2026-02-28
EXT-07,1,draft,RAD_2022_Jan,Procedures,Extremity Procedures,3,calcaneus,,,,general radiography,Plantodorsal axial calcaneus requires CR angle of approximately:,10°,20°,40°,60°,C,Calcaneus axial uses ~40° cephalad angle.,chatgpt,2026-02-28
HSP-13,1,draft,RAD_2022_Jan,Procedures,"Head, Spine and Pelvis Procedures",3,mandible,,,,general radiography,Axiolateral oblique mandible demonstrates:,Ramus,Body,TMJ,Zygoma,B,Axiolateral oblique can demonstrate mandibular body (depending on positioning).,chatgpt,2026-02-28
PC-20,1,draft,RAD_2022_Jan,Patient Care,Patient Interactions and Management,3,,,,TB isolation,general radiography,A patient with active tuberculosis requires which isolation precaution?,Contact,Droplet,Airborne,Standard only,C,Tuberculosis requires airborne precautions due to aerosolized transmission.,chatgpt,2026-02-28
PC-21,1,draft,RAD_2022_Jan,Patient Care,Patient Interactions and Management,3,,,,nonionic contrast,general radiography,"Compared with ionic contrast agents, nonionic contrast media are generally associated with:",Higher osmolality,Greater toxicity,Fewer adverse reactions,Increased viscosity only,C,Nonionic contrast has lower osmolality and fewer adverse reactions.,chatgpt,2026-02-28
PC-22,1,draft,RAD_2022_Jan,Patient Care,Patient Interactions and Management,3,,,,dementia communication,general radiography,"When explaining a procedure to a patient with mild dementia, the most effective strategy is to:",Provide lengthy technical explanation,"Use short, simple instructions",Avoid eye contact,Speak only to family,B,"Simple, clear instructions improve comprehension.",chatgpt,2026-02-28
PC-23,1,draft,RAD_2022_Jan,Patient Care,Patient Interactions and Management,3,,,,respondeat superior,general radiography,The doctrine of respondeat superior means the:,Patient is responsible for consent,Employer may be liable for employee actions,Radiographer is immune from liability,Physician assumes all legal risk,B,Employers may be held responsible for actions of employees.,chatgpt,2026-02-28
PC-24,1,draft,RAD_2022_Jan,Patient Care,Patient Interactions and Management,3,,,,seizure,general radiography,"During a seizure in the imaging room, the radiographer should first:",Restrain patient limbs tightly,Insert tongue blade,Protect patient from injury,Continue exposure,C,Protect patient from injury; do not restrain forcefully or insert objects into mouth.,chatgpt,2026-02-28
PC-25,1,draft,RAD_2022_Jan,Patient Care,Patient Interactions and Management,2,,,,patient transfer,general radiography,A Hoyer lift is primarily used to:,Reduce scatter radiation,Transfer non-ambulatory patients safely,Immobilize extremities,Support IV lines,B,Mechanical lifts reduce staff injury risk during transfers.,chatgpt,2026-02-28
RPR-14,1,draft,RAD_2022_Jan,Safety,Radiation Physics and Radiobiology,3,,air kerma,,,general radiography,Air kerma measures:,Absorbed dose in tissue,Energy transferred to air,Effective dose,Dose equivalent,B,Air kerma refers to kinetic energy released per unit mass in air.,chatgpt,2026-02-28
RPR-15,1,draft,RAD_2022_Jan,Safety,Radiation Physics and Radiobiology,3,,effective dose,,,general radiography,Effective dose accounts for:,Tissue weighting factors,Beam quality only,Filtration thickness,HVL only,A,Effective dose accounts for varying tissue sensitivities (tissue weighting).,chatgpt,2026-02-28
RPR-16,1,draft,RAD_2022_Jan,Safety,Radiation Physics and Radiobiology,3,,oxygen effect,,,general radiography,Cells are more radiosensitive in the presence of:,Hypoxia,Oxygen,Low LET radiation,Filtration,B,Oxygen enhances radiation damage and radiosensitivity.,chatgpt,2026-02-28
RP-14,1,draft,RAD_2022_Jan,Safety,Radiation Protection,2,,filtration,,,general radiography,Added filtration primarily removes:,High-energy photons,Low-energy photons,Scatter radiation,Compton interactions,B,Filtration removes low-energy photons that contribute to skin dose.,chatgpt,2026-02-28
RP-15,1,draft,RAD_2022_Jan,Safety,Radiation Protection,3,,,,high level control,general radiography,High-level control fluoroscopy results in:,Lower dose rate,Increased dose rate,Reduced image brightness,Lower kVp,B,"High-level control increases output for difficult imaging, increasing dose rate.",chatgpt,2026-02-28
RP-16,1,draft,RAD_2022_Jan,Safety,Radiation Protection,3,,,,dose limits,general radiography,Annual occupational effective dose limit for radiation workers is approximately:,5 mSv,10 mSv,50 mSv,100 mSv,C,The annual occupational effective dose limit is 50 mSv (5 rem).,chatgpt,2026-02-28
RP-17,1,draft,RAD_2022_Jan,Safety,Radiation Protection,2,,,,collimation,general radiography,Reducing field size will:,Increase scatter,Decrease scatter,Increase beam quality,Increase HVL,B,Smaller field size reduces scatter production.,chatgpt,2026-02-28
RPR-17,1,draft,RAD_2022_Jan,Safety,Radiation Physics and Radiobiology,3,,photoelectric,,,general radiography,Photoelectric interactions are more likely with:,High kVp,Low atomic number tissue,Low kVp and high Z,Large SID,C,Photoelectric probability increases with lower kVp and higher atomic number materials.,chatgpt,2026-02-28
IA-18,1,draft,RAD_2022_Jan,Image Production,Image Acquisition and Evaluation,3,,matrix,,,general radiography,Increasing matrix size while maintaining field of view will:,Increase pixel size,Decrease spatial resolution,Increase spatial resolution,Increase distortion,C,More pixels per area improves spatial resolution.,chatgpt,2026-02-28
IA-19,1,draft,RAD_2022_Jan,Image Production,Image Acquisition and Evaluation,3,,quantum mottle,,,general radiography,Quantum mottle is primarily caused by:,Excessive kVp,Insufficient photon quantity,Improper collimation,Grid misalignment,B,Low photon counts increase quantum noise.,chatgpt,2026-02-28
IA-20,1,draft,RAD_2022_Jan,Image Production,Image Acquisition and Evaluation,3,,DEL,,,general radiography,Smaller detector elements result in:,Higher DQE,Improved spatial resolution,Increased distortion,Lower resolution,B,Smaller detector elements improve spatial resolution.,chatgpt,2026-02-28
IA-21,1,draft,RAD_2022_Jan,Image Production,Image Acquisition and Evaluation,3,,exposure indicator,,,general radiography,A high exposure indicator number in DR typically suggests:,Underexposure,Overexposure,Correct exposure,Grid cutoff,B,Higher exposure indicators generally correspond to higher detector exposure (vendor-dependent).,chatgpt,2026-02-28
IA-22,1,draft,RAD_2022_Jan,Image Production,Image Acquisition and Evaluation,2,,contrast resolution,,,general radiography,Contrast resolution refers to the ability to:,Visualize small objects,Differentiate subtle density differences,Increase brightness,Reduce magnification,B,Contrast resolution differentiates subtle tissue density differences.,chatgpt,2026-02-28
IA-23,1,draft,RAD_2022_Jan,Image Production,Image Acquisition and Evaluation,3,,SID,,,general radiography,Increasing SID requires what adjustment to maintain receptor exposure?,Increase kVp,Increase mAs,Decrease mAs,Reduce grid ratio,B,Increasing distance reduces intensity; increase mAs to maintain exposure.,chatgpt,2026-02-28
IA-24,1,draft,RAD_2022_Jan,Image Production,Image Acquisition and Evaluation,3,,comp filter,,,general radiography,A wedge filter is used primarily to:,Reduce patient dose overall,Equalize exposure in uneven anatomy,Increase contrast,Improve spatial resolution,B,Compensating filters equalize receptor exposure for uneven body parts.,chatgpt,2026-02-28
IA-25,1,draft,RAD_2022_Jan,Image Production,Image Acquisition and Evaluation,3,,histogram,,,general radiography,Incorrect histogram analysis in CR most often results in:,Grid cutoff,Improper image brightness/contrast,Increased SID,Reduced noise,B,Histogram errors cause processing mistakes affecting brightness/contrast.,chatgpt,2026-02-28
HSP-14,1,draft,RAD_2022_Jan,Procedures,"Head, Spine and Pelvis Procedures",3,cervical spine,,,,general radiography,The open-mouth odontoid view demonstrates:,C1 only,C2 body,Dens and lateral masses of C1,C7-T1 junction,C,Odontoid view visualizes dens and C1 lateral masses.,chatgpt,2026-02-28
HSP-15,1,draft,RAD_2022_Jan,Procedures,"Head, Spine and Pelvis Procedures",3,thoracic spine,,,,general radiography,Lateral thoracic spine often uses breathing technique to:,Increase contrast,Blur ribs and lung markings,Reduce dose,Increase kVp,B,Breathing blurs superimposed ribs and lung markings.,chatgpt,2026-02-28
TA-08,1,draft,RAD_2022_Jan,Procedures,Thorax and Abdomen Procedures,2,abdomen,,,,general radiography,Supine abdomen CR is centered at:,Iliac crest,Xiphoid,ASIS,Greater trochanter,A,Iliac crest approximates L4-L5 for abdomen centering.,chatgpt,2026-02-28
TA-09,1,draft,RAD_2022_Jan,Procedures,Thorax and Abdomen Procedures,3,sternum,,,,general radiography,Sternum is best demonstrated in:,LAO,RAO,AP,Lateral,B,RAO projects sternum over heart shadow.,chatgpt,2026-02-28
EXT-08,1,draft,RAD_2022_Jan,Procedures,Extremity Procedures,3,shoulder,,,,general radiography,Scapular Y view is used to assess:,AC separation,Anterior/posterior dislocation,Glenoid erosion,Humeral fracture only,B,Scapular Y is used to evaluate shoulder dislocation.,chatgpt,2026-02-28
EXT-09,1,draft,RAD_2022_Jan,Procedures,Extremity Procedures,3,knee,,,,general radiography,Merchant method demonstrates:,Intercondylar fossa,Patellofemoral joint,Tibial plateau,Fibular head,B,Merchant demonstrates patellofemoral joint.,chatgpt,2026-02-28
EXT-10,1,draft,RAD_2022_Jan,Procedures,Extremity Procedures,2,foot,,,,general radiography,Medial oblique foot best demonstrates:,Cuboid and sinus tarsi,First metatarsal,Navicular only,Calcaneus only,A,Oblique foot demonstrates cuboid and sinus tarsi region.,chatgpt,2026-02-28
HSP-16,1,draft,RAD_2022_Jan,Procedures,"Head, Spine and Pelvis Procedures",3,lumbar spine,,,,general radiography,AP lumbar spine requires CR centered at:,L1,L3,L4,L5,B,AP lumbar spine typically centered at L3.,chatgpt,2026-02-28
TA-10,1,draft,RAD_2022_Jan,Procedures,Thorax and Abdomen Procedures,3,ribs,,,,general radiography,"For right anterior ribs, patient should be positioned in:",RAO,LAO,RPO,LPO,B,Anterior ribs are demonstrated on side away from IR; LAO for right anterior ribs.,chatgpt,2026-02-28
HSP-17,1,draft,RAD_2022_Jan,Procedures,"Head, Spine and Pelvis Procedures",3,sinuses,,,,general radiography,Waters view best demonstrates:,Frontal sinuses,Maxillary sinuses,Ethmoid sinuses,Sphenoid sinuses,B,Waters best demonstrates maxillary sinuses.,chatgpt,2026-02-28
PC-26,1,draft,RAD_2022_Jan,Patient Care,Patient Interactions and Management,2,,,,sterile technique,general radiography,Sterile technique differs from medical asepsis because it:,Eliminates all microorganisms,Reduces most pathogens,Uses gloves only,Applies only in surgery,A,Sterile technique aims to eliminate all microorganisms in a sterile field.,chatgpt,2026-02-28
PC-27,1,draft,RAD_2022_Jan,Patient Care,Patient Interactions and Management,3,,,,contrast dosing,general radiography,Contrast media dose based on patient weight is primarily used to:,Reduce allergic reactions,Optimize image quality and safety,Increase injection rate,Decrease viscosity,B,Weight-based dosing balances diagnostic efficacy with safety.,chatgpt,2026-02-28
PC-28,1,draft,RAD_2022_Jan,Patient Care,Patient Interactions and Management,2,,,,advance directives,general radiography,A living will primarily addresses:,Financial decisions,Imaging protocols,End-of-life care preferences,HIPAA violations,C,Living wills document end-of-life care preferences.,chatgpt,2026-02-28
PC-29,1,draft,RAD_2022_Jan,Patient Care,Patient Interactions and Management,2,,,,nonverbal communication,general radiography,Avoiding eye contact during patient interaction may be interpreted as:,Confidence,Professionalism,Disinterest or anxiety,Efficiency,C,Nonverbal cues affect patient trust and comfort.,chatgpt,2026-02-28
PC-30,1,draft,RAD_2022_Jan,Patient Care,Patient Interactions and Management,3,,,,anaphylaxis,general radiography,Severe bronchospasm and hypotension following contrast injection indicate:,Mild reaction,Vasovagal episode,Anaphylactic reaction,Hyperglycemia,C,Airway compromise and hypotension indicate anaphylaxis.,chatgpt,2026-02-28
PC-31,1,draft,RAD_2022_Jan,Patient Care,Patient Interactions and Management,3,,,,shock,general radiography,A sudden drop in blood pressure during a procedure may indicate:,Anxiety,Shock,Improved circulation,Normal response,B,Hypotension can indicate shock or severe reaction; treat as emergency.,chatgpt,2026-02-28
RPR-18,1,draft,RAD_2022_Jan,Safety,Radiation Physics and Radiobiology,3,,LET,,,general radiography,High linear energy transfer (LET) radiation causes:,Sparse ionization,Dense ionization,Lower biologic effect,Reduced cell damage,B,"High LET deposits energy densely, producing more biologic damage.",chatgpt,2026-02-28
RPR-19,1,draft,RAD_2022_Jan,Safety,Radiation Physics and Radiobiology,2,,attenuation,,,general radiography,Increasing tissue thickness results in:,Decreased attenuation,Increased attenuation,No change,Increased kVp automatically,B,Thicker tissue attenuates more photons.,chatgpt,2026-02-28
RP-18,1,draft,RAD_2022_Jan,Safety,Radiation Protection,3,,,,grid and dose,general radiography,Using a grid generally requires:,Lower mAs,Increased mAs,Lower kVp,Reduced dose,B,Grids absorb some primary photons so mAs must increase.,chatgpt,2026-02-28
RP-19,1,draft,RAD_2022_Jan,Safety,Radiation Protection,3,,,,mobile distance,general radiography,"During mobile radiography, personnel should stand at least:",1 foot away,3 feet away,6 feet away,12 feet away,C,Distance reduces scatter exposure; 6 feet is a common minimum guideline.,chatgpt,2026-02-28
RPR-20,1,draft,RAD_2022_Jan,Safety,Radiation Physics and Radiobiology,3,,ARS GI syndrome,,,general radiography,The GI syndrome occurs at doses approximately above:,1 Gy,2 Gy,6 Gy,50 Gy,C,GI syndrome occurs at high whole-body doses (~6 Gy and above).,chatgpt,2026-02-28
RP-20,1,draft,RAD_2022_Jan,Safety,Radiation Protection,2,,,,fluoro timer,general radiography,The fluoroscopy cumulative timer alerts the operator every:,1 minute,3 minutes,5 minutes,10 minutes,C,Fluoroscopy cumulative timer provides an audible signal at 5-minute intervals.,chatgpt,2026-02-28
RP-21,1,draft,RAD_2022_Jan,Safety,Radiation Protection,3,,filtration,,,general radiography,Increasing filtration will:,Decrease average photon energy,Increase average photon energy,Increase skin dose,Increase scatter only,B,"Filtration removes low-energy photons, increasing average energy.",chatgpt,2026-02-28
RPR-21,1,draft,RAD_2022_Jan,Safety,Radiation Physics and Radiobiology,3,,dose units,,,general radiography,The SI unit for absorbed dose is:,Sv,Gy,C/kg,rem,B,Absorbed dose is measured in Gray (Gy).,chatgpt,2026-02-28
IA-26,1,draft,RAD_2022_Jan,Image Production,Image Acquisition and Evaluation,3,,geometric unsharpness,,,general radiography,Geometric unsharpness increases with:,Smaller focal spot,Increased SID,Increased OID,Higher kVp,C,Greater OID increases geometric blur.,chatgpt,2026-02-28
IA-27,1,draft,RAD_2022_Jan,Image Production,Image Acquisition and Evaluation,3,,DQE,,,general radiography,High detective quantum efficiency (DQE) means:,Higher dose required,Better signal detection at lower dose,Increased noise,Lower spatial resolution,B,"Higher DQE improves efficiency, enabling lower dose for similar image quality.",chatgpt,2026-02-28
IA-28,1,draft,RAD_2022_Jan,Image Production,Image Acquisition and Evaluation,2,,dynamic range,,,general radiography,"Digital systems have wide dynamic range, meaning they:",Cannot be overexposed,Can display wide exposure levels,Have low contrast,Eliminate noise,B,Wide dynamic range allows acceptable image appearance across a range of exposures.,chatgpt,2026-02-28
IA-29,1,draft,RAD_2022_Jan,Image Production,Image Acquisition and Evaluation,3,,distortion,,,general radiography,Tube angulation without receptor alignment causes:,Size distortion only,Shape distortion,Increased SNR,Higher DQE,B,Improper alignment produces shape distortion.,chatgpt,2026-02-28
IA-30,1,draft,RAD_2022_Jan,Image Production,Image Acquisition and Evaluation,3,,grid ratio,,,general radiography,Increasing grid ratio improves contrast but also:,Decreases dose,Requires higher exposure,Eliminates motion,Reduces noise,B,Higher grid ratios require increased exposure (mAs).,chatgpt,2026-02-28
IA-31,1,draft,RAD_2022_Jan,Image Production,Image Acquisition and Evaluation,3,,sampling frequency,,,general radiography,"In CR, higher sampling frequency improves:",Contrast,Spatial resolution,Beam quality,SID,B,Higher sampling frequency captures more detail.,chatgpt,2026-02-28
IA-32,1,draft,RAD_2022_Jan,Image Production,Image Acquisition and Evaluation,2,,latitude,,,general radiography,Digital imaging latitude refers to:,SID range,kVp range,Acceptable exposure range,Patient size,C,Latitude is the range of exposures that produce acceptable images.,chatgpt,2026-02-28
IA-33,1,draft,RAD_2022_Jan,Image Production,Image Acquisition and Evaluation,3,,post-processing,,,general radiography,Adjusting region of interest (ROI) affects:,Patient dose,Image appearance only,Spatial resolution,Scatter production,B,"ROI/post-processing changes appearance, not patient dose.",chatgpt,2026-02-28
HSP-18,1,draft,RAD_2022_Jan,Procedures,"Head, Spine and Pelvis Procedures",3,cervical spine,,,,general radiography,Swimmer’s lateral view is performed to visualize:,C1-C2,C3-C4,C7-T1 junction,Dens,C,Swimmer’s view demonstrates the cervicothoracic junction (C7-T1).,chatgpt,2026-02-28
HSP-19,1,draft,RAD_2022_Jan,Procedures,"Head, Spine and Pelvis Procedures",3,thoracic spine,,,,general radiography,"For upper thoracic lateral, arms should be:",Down at sides,Elevated,Crossed over chest,Behind back,B,Arms elevated removes humeri from the thoracic spine field.,chatgpt,2026-02-28
TA-11,1,draft,RAD_2022_Jan,Procedures,Thorax and Abdomen Procedures,3,abdomen,,,,general radiography,Free intraperitoneal air is best seen on:,Supine,Upright,Prone,AP axial,B,Free air rises under the diaphragm on upright images.,chatgpt,2026-02-28
EXT-11,1,draft,RAD_2022_Jan,Procedures,Extremity Procedures,3,AC joint,,,,general radiography,Bilateral AC joint imaging with weights evaluates:,Fracture,Dislocation separation,Glenoid,Clavicle only,B,Weighted AC joints evaluate separation.,chatgpt,2026-02-28
EXT-12,1,draft,RAD_2022_Jan,Procedures,Extremity Procedures,3,elbow,,,,general radiography,Radial head-capitulum view requires CR angled:,10° cephalad,45° cephalad,30° cephalad,Perpendicular,B,Radial head-capitulum uses ~45° cephalad angle.,chatgpt,2026-02-28
HSP-20,1,draft,RAD_2022_Jan,Procedures,"Head, Spine and Pelvis Procedures",3,sacrum,,,,general radiography,AP axial sacrum requires CR angled:,10° cephalad,15° cephalad,15° caudad,30° caudad,B,AP axial sacrum uses ~15° cephalad angle.,chatgpt,2026-02-28
EXT-13,1,draft,RAD_2022_Jan,Procedures,Extremity Procedures,2,femur,,,,general radiography,AP femur requires inclusion of:,Knee only,Hip only,Both hip and knee joints,Tibia only,C,Include the entire femur with both adjacent joints.,chatgpt,2026-02-28
HSP-21,1,draft,RAD_2022_Jan,Procedures,"Head, Spine and Pelvis Procedures",3,sinuses,,,,general radiography,Caldwell sinus view demonstrates primarily:,Maxillary,Frontal and ethmoid,Sphenoid,Nasal bones,B,Caldwell view demonstrates frontal and ethmoid sinuses.,chatgpt,2026-02-28
EXT-14,1,draft,RAD_2022_Jan,Procedures,Extremity Procedures,3,wrist,,,,general radiography,Tangential carpal canal view demonstrates:,Scaphoid,Pisiform,Hamulus of hamate,Capitate,C,Carpal canal view demonstrates the hamate hook.,chatgpt,2026-02-28
HSP-22,1,draft,RAD_2022_Jan,Procedures,"Head, Spine and Pelvis Procedures",3,lumbar spine,,,,general radiography,Lateral lumbar spine requires CR centered at:,L1,L3,L5,Iliac crest,B,Lateral lumbar spine is typically centered at L3.,chatgpt,2026-02-28
PC-32,1,draft,RAD_2022_Jan,Patient Care,Patient Interactions and Management,3,,,,nosocomial infection,general radiography,A healthcare-associated infection acquired during hospitalization is referred to as:,Vector-borne infection,Community infection,Nosocomial infection,Reverse isolation,C,Nosocomial infections originate within healthcare settings.,chatgpt,2026-02-28
PC-33,1,draft,RAD_2022_Jan,Patient Care,Patient Interactions and Management,3,,,,barium contraindication,general radiography,Barium sulfate is contraindicated in patients with suspected:,GERD,Esophageal varices,Bowel perforation,Hiatal hernia,C,Barium is contraindicated with suspected perforation; use water-soluble contrast.,chatgpt,2026-02-28
PC-34,1,draft,RAD_2022_Jan,Patient Care,Patient Interactions and Management,3,,,,battery,general radiography,Performing a procedure without patient consent may legally be considered:,Negligence,Malpractice,Battery,Assault only,C,Battery is unauthorized physical contact without consent.,chatgpt,2026-02-28
PC-35,1,draft,RAD_2022_Jan,Patient Care,Patient Interactions and Management,2,,,,pediatric communication,general radiography,"When imaging a young child, the most effective communication technique is to:",Use medical terminology,Speak to parent only,"Use simple, reassuring language",Provide no explanation,C,Age-appropriate communication reduces anxiety and improves cooperation.,chatgpt,2026-02-28
PC-36,1,draft,RAD_2022_Jan,Patient Care,Patient Interactions and Management,3,,,,vasovagal,general radiography,"Pallor, bradycardia, and hypotension during venipuncture most likely indicate:",Anaphylaxis,Vasovagal reaction,Hyperglycemia,Stroke,B,"Vasovagal reactions commonly cause pallor, bradycardia, and hypotension.",chatgpt,2026-02-28
PC-37,1,draft,RAD_2022_Jan,Patient Care,Patient Interactions and Management,2,,,,oxygen delivery,general radiography,A nasal cannula typically delivers oxygen at a maximum flow rate of approximately:,2 L/min,4 L/min,6 L/min,10 L/min,C,Nasal cannula typically ranges 1–6 L/min.,chatgpt,2026-02-28
RPR-22,1,draft,RAD_2022_Jan,Safety,Radiation Physics and Radiobiology,2,,mAs,,,general radiography,Increasing mAs primarily affects beam:,Quality,Quantity,Wavelength,Frequency,B,mAs controls the number of photons produced (beam quantity).,chatgpt,2026-02-28
RPR-23,1,draft,RAD_2022_Jan,Safety,Radiation Physics and Radiobiology,3,,frequency,,,general radiography,Increasing photon frequency results in:,Lower energy,Higher energy,Shorter wavelength increase,Increased scatter only,B,Energy is directly proportional to frequency.,chatgpt,2026-02-28
RP-22,1,draft,RAD_2022_Jan,Safety,Radiation Protection,3,,,,gonadal shielding,general radiography,Gonadal shielding is most appropriate when the gonads are:,Within 5 cm of primary beam,20 cm from beam,Not in field,Above diaphragm,A,Shielding may be used when gonads are close to the primary beam and will not obscure anatomy.,chatgpt,2026-02-28
RP-23,1,draft,RAD_2022_Jan,Safety,Radiation Protection,3,,,,public dose limit,general radiography,Annual effective dose limit for the general public is approximately:,1 mSv,5 mSv,10 mSv,50 mSv,A,Public annual effective dose limit is 1 mSv.,chatgpt,2026-02-28
RPR-24,1,draft,RAD_2022_Jan,Safety,Radiation Physics and Radiobiology,3,,cell cycle,,,general radiography,Cells are most radiosensitive during which phase?,S phase,G1 phase,M phase,G0 phase,C,Cells are most radiosensitive during mitosis (M phase).,chatgpt,2026-02-28
RP-24,1,draft,RAD_2022_Jan,Safety,Radiation Protection,3,,,,fluoro magnification,general radiography,Activating magnification mode during fluoroscopy will:,Decrease dose,Increase dose,Reduce brightness,Reduce SID,B,Magnification mode increases dose rate.,chatgpt,2026-02-28
RP-25,1,draft,RAD_2022_Jan,Safety,Radiation Protection,2,,,,collimation,general radiography,Proper collimation reduces patient dose by:,Increasing HVL,Limiting exposed tissue,Increasing kVp,Increasing mAs,B,Collimation reduces exposed tissue volume and scatter.,chatgpt,2026-02-28
RPR-25,1,draft,RAD_2022_Jan,Safety,Radiation Physics and Radiobiology,3,,remnant radiation,,,general radiography,Remnant radiation refers to photons that:,Exit the tube housing,Interact with collimator,Exit the patient and reach detector,Scatter toward technologist only,C,Remnant radiation is the exiting beam that forms the image.,chatgpt,2026-02-28
IA-34,1,draft,RAD_2022_Jan,Image Production,Image Acquisition and Evaluation,3,,kVp contrast,,,general radiography,Reducing kVp while maintaining mAs will generally:,Decrease contrast,Increase contrast,Increase penetration,Decrease dose only,B,Lower kVp increases radiographic contrast.,chatgpt,2026-02-28
IA-35,1,draft,RAD_2022_Jan,Image Production,Image Acquisition and Evaluation,2,,SID magnification,,,general radiography,Increasing SID reduces magnification because it:,Reduces beam intensity,Increases photon energy,Decreases beam divergence effect,Reduces OID,C,"Greater SID reduces divergence at receptor, reducing magnification.",chatgpt,2026-02-28
IA-36,1,draft,RAD_2022_Jan,Image Production,Image Acquisition and Evaluation,3,,grid cutoff,,,general radiography,Off-center grid alignment causes:,Uniform density,Partial cutoff,Increased contrast,Increased DQE,B,Off-center alignment can produce grid cutoff.,chatgpt,2026-02-28
IA-37,1,draft,RAD_2022_Jan,Image Production,Image Acquisition and Evaluation,3,,bit depth,,,general radiography,A 12-bit system can display how many gray levels?,256,1024,2048,4096,D,2^12 = 4096 grayscale levels.,chatgpt,2026-02-28
IA-38,1,draft,RAD_2022_Jan,Image Production,Image Acquisition and Evaluation,3,,SNR,,,general radiography,Increasing photon quantity improves SNR because it:,Reduces geometric blur,Reduces quantum noise,Increases contrast,Eliminates scatter,B,More photons reduce quantum noise and improve SNR.,chatgpt,2026-02-28
IA-39,1,draft,RAD_2022_Jan,Image Production,Image Acquisition and Evaluation,3,,filtration,,,general radiography,Increasing filtration while keeping mAs constant will:,Increase skin dose,Decrease skin dose,Increase contrast,Increase magnification,B,Filtration removes low-energy photons that add skin dose.,chatgpt,2026-02-28
IA-40,1,draft,RAD_2022_Jan,Image Production,Image Acquisition and Evaluation,3,,artifact,,,general radiography,Excessive collimation that cuts off anatomy is an example of:,Exposure error,Grid cutoff,Improper centering,Artifact,D,Collimation that excludes anatomy is an imaging artifact and unacceptable practice.,chatgpt,2026-02-28
EQ-06,1,draft,RAD_2022_Jan,Image Production,Equipment Operation and Quality Assurance,3,,calibration,,,general radiography,Flat-field calibration in DR primarily corrects for:,Motion,Dead pixels and detector uniformity,Scatter,kVp fluctuation,B,Flat-field calibration corrects detector non-uniformity and pixel defects.,chatgpt,2026-02-28
HSP-23,1,draft,RAD_2022_Jan,Procedures,"Head, Spine and Pelvis Procedures",3,odontoid,,,,general radiography,"For AP open-mouth view, what must be aligned with skull base?",Occlusal plane,Mastoid tips,Upper incisors,External auditory meatus,A,Align the occlusal plane to avoid superimposition of dens by skull base.,chatgpt,2026-02-28
HSP-24,1,draft,RAD_2022_Jan,Procedures,"Head, Spine and Pelvis Procedures",3,thoracic spine,,,,general radiography,AP thoracic spine is centered at approximately:,T3,T5,T7,T10,C,T7 corresponds to the inferior angle of the scapula.,chatgpt,2026-02-28
TA-12,1,draft,RAD_2022_Jan,Procedures,Thorax and Abdomen Procedures,3,abdomen,,,,general radiography,"To demonstrate left free intraperitoneal air in a patient unable to stand, perform:",Right lateral decubitus,Left lateral decubitus,Supine,Prone,A,Right lateral decubitus places left side up; free air rises and is seen under left abdominal wall.,chatgpt,2026-02-28
TA-13,1,draft,RAD_2022_Jan,Procedures,Thorax and Abdomen Procedures,3,ribs,,,,general radiography,"For right anterior ribs, exposure should be made on:",Inspiration,Expiration,Both phases,Breath hold random,B,Anterior ribs are best demonstrated on expiration.,chatgpt,2026-02-28
EXT-15,1,draft,RAD_2022_Jan,Procedures,Extremity Procedures,3,shoulder,,,,general radiography,Neer method is used to demonstrate:,Glenoid fossa,AC joint,Supraspinatus outlet,Humeral head,C,Neer demonstrates supraspinatus outlet for impingement evaluation.,chatgpt,2026-02-28
EXT-16,1,draft,RAD_2022_Jan,Procedures,Extremity Procedures,3,knee,,,,general radiography,Camp Coventry method requires CR angled approximately:,10° caudad,40–50° caudad,45° cephalad,Perpendicular,B,Camp Coventry uses 40–50° caudad angle for intercondylar fossa.,chatgpt,2026-02-28
HSP-25,1,draft,RAD_2022_Jan,Procedures,"Head, Spine and Pelvis Procedures",3,coccyx,,,,general radiography,AP axial coccyx requires CR angled:,10° cephalad,10° caudad,30° cephalad,45° caudad,B,Coccyx AP axial uses ~10° caudad angle.,chatgpt,2026-02-28
EXT-17,1,draft,RAD_2022_Jan,Procedures,Extremity Procedures,3,hip,,,,general radiography,Axiolateral inferosuperior (Clements-Nakayama) view is used for:,Non-trauma hip,Trauma hip,SI joints,Acetabulum,B,Clements-Nakayama is used for trauma hip without moving the limb.,chatgpt,2026-02-28
EXT-18,1,draft,RAD_2022_Jan,Procedures,Extremity Procedures,2,foot,,,,general radiography,Lateral foot requires CR centered at:,Base of first metatarsal,Medial cuneiform,Base of third metatarsal,Calcaneus,C,Center at base of the 3rd metatarsal.,chatgpt,2026-02-28
HSP-26,1,draft,RAD_2022_Jan,Procedures,"Head, Spine and Pelvis Procedures",3,sinuses,,,,general radiography,Sphenoid sinuses are best demonstrated on:,Waters,Caldwell,Lateral,PA,C,Lateral demonstrates sphenoid sinus air-fluid levels.,chatgpt,2026-02-28
PC-38,1,draft,RAD_2022_Jan,Patient Care,Patient Interactions and Management,3,,,,negligence,general radiography,"For negligence to be proven, which element must exist?",Intent,Criminal action,"Duty, breach, causation, damages",Written consent only,C,"Negligence requires duty owed, breach, causation, and damages.",chatgpt,2026-02-28
PC-39,1,draft,RAD_2022_Jan,Patient Care,Patient Interactions and Management,3,,,,metformin,general radiography,A patient taking metformin with reduced renal function should:,Continue medication normally,Discontinue per protocol after contrast,Increase hydration only,Double metformin dose,B,Metformin may be held per protocol to reduce risk of lactic acidosis when renal function is impaired after contrast.,chatgpt,2026-02-28
PC-40,1,draft,RAD_2022_Jan,Patient Care,Patient Interactions and Management,2,,,,code blue,general radiography,"When activating a Code Blue, the radiographer should provide:",Patient diagnosis,Room number and emergency type,Insurance information,Imaging protocol,B,Provide clear location and emergency type to mobilize response quickly.,chatgpt,2026-02-28
RPR-26,1,draft,RAD_2022_Jan,Safety,Radiation Physics and Radiobiology,2,,rotating anode,,,general radiography,The rotating anode primarily functions to:,Increase contrast,Dissipate heat,Increase filtration,Reduce scatter,B,Rotation spreads heat across a larger anode surface area.,chatgpt,2026-02-28
RPR-27,1,draft,RAD_2022_Jan,Safety,Radiation Physics and Radiobiology,3,,tungsten target,,,general radiography,Tungsten is used as an anode target because of its:,Low melting point,High atomic number and high melting point,Low density,Flexibility,B,Tungsten’s high Z and high melting point are ideal for x-ray production.,chatgpt,2026-02-28
RPR-28,1,draft,RAD_2022_Jan,Safety,Radiation Physics and Radiobiology,3,,latent period,,,general radiography,The time between radiation exposure and symptom appearance is called:,Recovery phase,Latent period,Manifest illness,Prodromal phase,B,Latent period occurs between exposure and symptom onset.,chatgpt,2026-02-28
RP-26,1,draft,RAD_2022_Jan,Safety,Radiation Protection,2,,,,lead storage,general radiography,Protective lead aprons should be stored:,Folded on shelf,On floor,Hanging vertically,Rolled tightly,C,Hanging prevents cracks in shielding from folding.,chatgpt,2026-02-28
RP-27,1,draft,RAD_2022_Jan,Safety,Radiation Protection,2,,,,badge exchange,general radiography,Personnel dosimeters are typically exchanged:,Daily,Weekly,Monthly,Every 5 years,C,Dosimeters are commonly exchanged monthly.,chatgpt,2026-02-28
RPR-29,1,draft,RAD_2022_Jan,Safety,Radiation Physics and Radiobiology,3,,beam intensity,,,general radiography,Increasing kVp while keeping mAs constant will:,Decrease intensity,Increase intensity,Not affect intensity,Reduce dose only,B,Higher kVp increases beam output/intensity.,chatgpt,2026-02-28
RPR-30,1,draft,RAD_2022_Jan,Safety,Radiation Physics and Radiobiology,3,,dose equivalent,,,general radiography,Dose equivalent accounts for:,Tissue weighting only,Radiation weighting factor,HVL,Filtration,B,Equivalent dose uses radiation weighting factor to reflect biologic effect.,chatgpt,2026-02-28
RPR-31,1,draft,RAD_2022_Jan,Safety,Radiation Physics and Radiobiology,3,,inverse square law,,,general radiography,"If a technologist steps from 2 ft to 4 ft from source, exposure becomes:",1/2,1/3,1/4,1/8,C,Distance doubled → intensity quartered (inverse square law).,chatgpt,2026-02-28
RP-28,1,draft,RAD_2022_Jan,Safety,Radiation Protection,3,,,,lens limit,general radiography,Annual dose limit for lens of eye is approximately:,15 mSv,20 mSv,50 mSv,150 mSv,D,Traditional U.S. lens dose limit is 150 mSv; follow facility policy.,chatgpt,2026-02-28
RP-29,1,draft,RAD_2022_Jan,Safety,Radiation Protection,2,,,,peds dose,general radiography,Dose reduction in pediatric imaging is most effectively achieved by:,Increasing kVp and reducing mAs appropriately,Increasing mAs,Removing collimation,Using magnification,A,Technique optimization and collimation are key for pediatrics.,chatgpt,2026-02-28
IA-41,1,draft,RAD_2022_Jan,Image Production,Image Acquisition and Evaluation,3,,beam hardening,,,general radiography,Beam hardening occurs when:,Low-energy photons are removed,High-energy photons are removed,kVp decreases,SID increases,A,Removing low-energy photons increases average beam energy (hardening).,chatgpt,2026-02-28
IA-42,1,draft,RAD_2022_Jan,Image Production,Image Acquisition and Evaluation,3,,focal spot,,,general radiography,Increasing focal spot size will:,Improve resolution,Increase geometric blur,Decrease magnification,Increase contrast,B,Larger focal spot increases penumbra/blur.,chatgpt,2026-02-28
IA-43,1,draft,RAD_2022_Jan,Image Production,Image Acquisition and Evaluation,3,,exposure indicator,,,general radiography,"Exposure indicators vary among manufacturers, meaning:",All systems use identical scales,Interpretation must consider vendor standard,EI reflects patient dose exactly,EI irrelevant in DR,B,Exposure indicator scales vary; interpret using vendor guidance.,chatgpt,2026-02-28
IA-44,1,draft,RAD_2022_Jan,Image Production,Image Acquisition and Evaluation,3,,histogram shift,,,general radiography,Excessive collimation may cause histogram shift leading to:,Underexposed appearance,Overexposed appearance,No effect,Increased DQE,A,Improper histogram analysis from poor collimation can produce underexposed appearance.,chatgpt,2026-02-28
IA-45,1,draft,RAD_2022_Jan,Image Production,Image Acquisition and Evaluation,2,,electronic noise,,,general radiography,Electronic noise differs from quantum noise because it originates from:,Low photon count,Detector circuitry,Patient motion,Scatter,B,Electronic noise originates within system electronics.,chatgpt,2026-02-28
IA-46,1,draft,RAD_2022_Jan,Image Production,Image Acquisition and Evaluation,3,,SID compensation,,,general radiography,Increasing SID from 40 to 80 inches requires mAs change by factor of:,2,4,8,1/2,B,Doubling SID requires mAs x4 to maintain receptor exposure.,chatgpt,2026-02-28
IA-47,1,draft,RAD_2022_Jan,Image Production,Image Acquisition and Evaluation,3,,exposure creep,,,general radiography,Exposure creep occurs because digital systems:,Reject high exposures,Hide overexposure visually,Automatically reduce mAs,Limit kVp,B,"Wide latitude can mask overexposure, leading to gradual dose increases.",chatgpt,2026-02-28
IA-48,1,draft,RAD_2022_Jan,Image Production,Image Acquisition and Evaluation,2,,collimation,,,general radiography,Proper collimation improves image quality by reducing:,Geometric distortion,Quantum mottle,Scatter radiation,Focal spot size,C,Less scatter improves contrast.,chatgpt,2026-02-28
EQ-07,1,draft,RAD_2022_Jan,Image Production,Equipment Operation and Quality Assurance,3,,moiré,,,general radiography,Moiré pattern in CR results from:,Motion,Grid frequency interference,Low kVp,Excess filtration,B,Moiré is caused by grid frequency interacting with reader sampling.,chatgpt,2026-02-28
IA-49,1,draft,RAD_2022_Jan,Image Production,Image Acquisition and Evaluation,3,,pixel pitch,,,general radiography,Smaller pixel pitch results in:,Lower resolution,Higher spatial resolution,Increased noise only,Reduced contrast,B,Smaller pixel pitch increases spatial resolution.,chatgpt,2026-02-28
IA-50,1,draft,RAD_2022_Jan,Image Production,Image Acquisition and Evaluation,3,,post-processing,,,general radiography,Increasing post-processing brightness does not change:,Image appearance,Patient dose,Histogram,Contrast,B,"Post-processing changes display, not patient exposure.",chatgpt,2026-02-28
HSP-27,1,draft,RAD_2022_Jan,Procedures,"Head, Spine and Pelvis Procedures",3,skull,,,,general radiography,PA axial (Caldwell) skull requires CR angled:,15° caudad,15° cephalad,30° caudad,Perpendicular,A,Caldwell skull uses 15° caudad angle.,chatgpt,2026-02-28
HSP-28,1,draft,RAD_2022_Jan,Procedures,"Head, Spine and Pelvis Procedures",3,skull,,,,general radiography,Lateral skull requires CR centered:,2 inches above EAM,2 inches superior to EAM,2 inches anterior and 2 inches superior to EAM,Nasion,C,Center approx. 2 inches anterior and 2 inches superior to the EAM.,chatgpt,2026-02-28
HSP-29,1,draft,RAD_2022_Jan,Procedures,"Head, Spine and Pelvis Procedures",3,facial bones,,,,general radiography,Waters view for facial bones requires OML forming:,30° to IR,37° to IR,Perpendicular,15° angle,B,Waters positions the MML about 37° to IR for facial bones/maxillary sinuses.,chatgpt,2026-02-28
HSP-30,1,draft,RAD_2022_Jan,Procedures,"Head, Spine and Pelvis Procedures",2,nasal bones,,,,general radiography,Nasal bones are best demonstrated in:,AP,Lateral,PA,Towne,B,Lateral nasal bones are standard for evaluation.,chatgpt,2026-02-28
HSP-31,1,draft,RAD_2022_Jan,Procedures,"Head, Spine and Pelvis Procedures",3,zygoma,,,,general radiography,Tangential zygomatic arches require CR angled:,15°,30°,45°,60°,C,Tangential arches commonly use ~45°.,chatgpt,2026-02-28
EXT-19,1,draft,RAD_2022_Jan,Procedures,Extremity Procedures,3,clavicle,,,,general radiography,AP axial clavicle requires CR angled:,15–30° cephalad,15–30° caudad,Perpendicular,45° cephalad,A,AP axial clavicle uses cephalad angle to project above ribs.,chatgpt,2026-02-28
TA-14,1,draft,RAD_2022_Jan,Procedures,Thorax and Abdomen Procedures,3,sternum,,,,general radiography,Sternum RAO requires patient rotated approximately:,5°,10°,15–20°,45°,C,RAO sternum uses ~15–20° rotation.,chatgpt,2026-02-28
EXT-20,1,draft,RAD_2022_Jan,Procedures,Extremity Procedures,2,hand,,,,general radiography,PA hand requires CR centered at:,Base of 1st metacarpal,3rd MCP joint,Wrist joint,Distal phalanx,B,Center at the 3rd MCP joint for PA hand.,chatgpt,2026-02-28
EXT-21,1,draft,RAD_2022_Jan,Procedures,Extremity Procedures,2,finger,,,,general radiography,PA finger CR centered at:,DIP,PIP,MCP,Tip,C,Center at the MCP joint for finger imaging.,chatgpt,2026-02-28
EXT-22,1,draft,RAD_2022_Jan,Procedures,Extremity Procedures,2,toes,,,,general radiography,AP toes CR centered at:,Base of 1st MTP,IP joint,Tip of toe,Calcaneus,A,Center at the base of the 1st MTP joint for toes.,chatgpt,2026-02-28
EXT-23,1,draft,RAD_2022_Jan,Procedures,Extremity Procedures,3,calcaneus,,,,general radiography,Lateral calcaneus includes visualization of:,Subtalar joint,Talofibular joint,Patellofemoral joint,SI joint,A,Lateral calcaneus demonstrates subtalar joint region.,chatgpt,2026-02-28
HSP-32,1,draft,RAD_2022_Jan,Procedures,"Head, Spine and Pelvis Procedures",3,pelvis,,,,general radiography,AP pelvis requires internal rotation of legs approximately:,5°,10–15°,20–30°,45°,B,Rotate legs 10–15° internally to place femoral necks parallel to IR.,chatgpt,2026-02-28
EXT-24,1,draft,RAD_2022_Jan,Procedures,Extremity Procedures,2,humerus,,,,general radiography,AP humerus requires inclusion of:,Shoulder only,Elbow only,Both shoulder and elbow,Wrist,C,Include both adjacent joints when imaging long bones.,chatgpt,2026-02-28
EXT-25,1,draft,RAD_2022_Jan,Procedures,Extremity Procedures,3,scapula,,,,general radiography,AP scapula requires:,Abducted arm,Neutral arm,Internal rotation,RAO position,A,Abduct the arm to move scapula laterally away from ribs.,chatgpt,2026-02-28
EXT-26,1,draft,RAD_2022_Jan,Procedures,Extremity Procedures,2,tibia/fibula,,,,general radiography,AP tibia/fibula requires inclusion of:,Knee only,Ankle only,Both knee and ankle,Foot only,C,Include both adjacent joints for tibia/fibula.,chatgpt,2026-02-28
EXT-27,1,draft,RAD_2022_Jan,Procedures,Extremity Procedures,2,forearm,,,,general radiography,AP forearm requires inclusion of:,Wrist only,Elbow only,Both wrist and elbow,Hand only,C,Include both adjacent joints for forearm.,chatgpt,2026-02-28
